,CE(20:3),CE(20:3),CE(20:3),CE(20:3),ST(0:0),ST(0:0),ST(0:0),C,DG(24:0),DG(24:0),DG(20:1),DG(20:1),DG(33:1),DG(33:1),DG(36:2),DG(36:3),DG(36:4),DG(34:2),DG(34:3),DG(34:4),DG(36:3),DG(36:4),DG(36:5),DG(36:6),DGDG(32:0),DGDG(32:1),DGDG(34:0),DGDG(34:1),DGDG(34:2),DGDG(34:4),DGDG(34:4),DGDG(34:5),DGDG(36:1),DGDG(36:2),DGDG(36:3),DGDG(36:4),DGDG(36:6),DGDG(38:2),DGDG(38:4),DGDG(38:6),DGDG(40:2),DGDG(42:2),DGDG(42:2),DGDG(42:2),DGDG(44:2),DGDG(42:2),LPC(16:0),LPC(17:0),LPC(18:0),LPC(18:1),LPC(18:2),LPC(18:3),LPC(20:1),LPE(17:1),LPC(16:1),LPC(18:1),LPC(18:1),LPE(18:2),LPE(18:3),MGDG(34:1),MGDG(34:2),MGDG(34:3),MGDG(34:4),MGDG(34:4),MGDG(34:6),MGDG(36:3),MGDG(36:3),MGDG(36:4),MGDG(36:6),MGDG(36:3),MGDG(36:3),MGDG(36:3),MGDG(36:3),MGDG(36:3),MGDG(36:3),MGDG(36:3),MGDG(36:3),MGDG(36:7),MGDG(38:1),MGDG(38:5),MGDG(38:6),PC(30:0),PC(32:0),PC(32:1),PC(32:2),PC(34:0),PC(34:1),PC(34:2),PC(34:2),PC(34:2),PC(34:4),PC(36:1),PC(36:2),PC(36:2),PC(36:3),PC(36:4),PC(36:4),PC(36:4),PC(36:5),PC(38:2),PC(38:3),PC(38:4),PC(38:5),PC(40:6),PC(34:2),PC(34:3),PC(36:5),PC(36:6),PC(36:7),PC(36:8),PC(36:9),PC(38:4),PC(38:5),PC(40:3),PE(34:0),PE(34:0),PE(34:2),PE(34:1),PE(34:4),PE(36:2),PE(36:3),PE(36:5),PE(36:6),PE(38:7),PE(42:3),PE(44:2),PG(32:0),PG(32:1),PG(34:2),PG(34:3),PG(34:4),PG(34:4),PG(34:5),PG(36:6),PG(36:7),PS(42:2),SQDG(32:1),SQDG(34:1),SQDG(34:3),SQDG(34:4),SQDG(36:3),SQDG(36:5),SQDG(38:6),SQDG(32:0),SQDG(36:4),TG(42:0),TG(51:1),TG(51:2),TG(44:1),TG(46:0),TG(46:1),TG(46:1),TG(46:2),TG(46:2),TG(48:0),TG(48:0),TG(48:1),TG(48:1),TG(48:2),TG(48:2),TG(50:0),TG(50:2),TG(50:4),TG(50:4),TG(50:5),TG(52:0),TG(52:3),TG(52:3),TG(52:4),TG(52:4),TG(52:5),TG(52:6),TG(54:3),TG(54:3),TG(54:4),TG(54:4),TG(54:5),TG(54:5),TG(54:5),TG(54:5),TG(54:6),TG(54:6),TG(54:6),TG(54:6),TG(54:6),TG(54:6),TG(54:8),TG(54:8),TG(56:3),TG(56:5),TG(56:6),TG(56:7),TG(58:6),TG(46:3),TG(46:3),TG(48:3),TG(48:5),TG(48:6),TG(40:1),TG(40:2),TG(40:2),TG(40:2),TG(50:3),TG(50:3),TG(50:3),TG(52:1),TG(52:2),TG(52:2),TG(52:2),TG(52:3),TG(52:3),TG(52:4),TG(52:4),TG(52:4),TG(52:5),TG(52:5),TG(52:5),TG(52:6),TG(52:6),TG(52:6),TG(54:1),TG(54:2),TG(54:4),TG(54:4),TG(54:5),TG(54:7),TG(54:7),TG(54:7),TG(54:8),TG(54:8),TG(54:8),TG(54:9),TG(54:9),TG(56:4),TG(56:5),TG(56:6),TG(56:7),TG(56:8),TG(58:15)
D11B212C,1073,8410,4557,0,0,0,0,1274,4318,0,0,0,0,0,2956,2472,10678,44148,27486,5311,2489,35121,69321,17281,169649,2532,6729,9221,266834,9451,5997,2878,11170,29930,502650,91260,1204012,2084,5045,25053,2090,23288,3075,2723,2795,2801,40910,0,4897,51795,1197484,491937,0,0,2661,23158,916730,3846,0,3981,80025,647044,1438,18377,13812,36398,18039,409462,26241,2161,11711,10554,118652,23189,9543,868263,3561,7883,24633,13450,24732,0,35588,5780,12439,2610,182912,667518,72411,1785,14923,19091,134894,283801,302592,12259,8273,0,3910,5239,15535,4339,10600,1156,16943,1109815,1057209,48165,21606,150552,50648,39020,26091,10178,9420,0,42883,52040,19455,930,1364,4165,0,1224,316,0,103793,72718,203571,540120,686866,509,7980,5267,2378,0,5801,7095,954154,2580,74467,231480,373,591026,56110,539,223,0,0,1964,215,1456,419,1651,281,1522,0,2219,279,1579,1820,373,623,1663,2237,1494,3347,2500,13326,84160,2807,2455,0,0,3078,4218,1411,0,13028,8506,55367,10580,2993,411904,170946,7656,5383,246642,0,1461,2961,0,4849,0,35625,1963,3133,2648,0,2585,12164,14191,1729,4689,2438,1719,0,6434,7603,9296,22068,21548,56105,142218,18133,128250,74286,3772,42141,46179,0,1598,2907,22243,68663,46289,735604,495419,42994,39208,268902,9218,49995,1985,4567,7619,5625,1411,10924
D11B18T,0,21167,17912,0,0,0,0,1315,4830,0,1235,0,0,0,2370,1676,6513,26008,39118,4370,2365,26709,90722,43222,233038,2955,10905,14793,330988,8598,17859,2285,5898,12893,651246,88404,1327862,2472,8515,41929,2556,20973,8608,6233,6266,3570,27143,782,4366,42799,1279368,1028841,0,0,1594,18451,799748,1047,0,3686,85151,598719,4253,17673,17140,13998,7760,299088,35101,1693,14434,12081,123138,74855,5716,140908,9929,13491,20919,11199,21559,0,8576,2346,8575,1917,157367,788068,72265,4525,16609,14039,149819,72355,183253,0,0,7445,6721,6316,6033,1933,10667,1269,2322,1325726,1273034,20822,29517,465093,52339,14317,24301,10934,6873,1034,31268,26032,24180,2750,0,6127,0,0,319,0,130577,140062,362389,333870,748397,2467,7331,1145,1550,0,5995,6990,1070988,4688,87076,336759,1038,734943,54980,1259,0,369,0,5392,729,3080,424,2101,1035,4771,851,4691,762,2721,8388,887,862,1252,1610,9104,1815,9488,13396,77398,19456,172586,4960,0,4072,1987,1225,0,4469,0,17939,707,2057,147836,13447,0,41841,430571,696,598,1757,0,19243,0,84578,1369,2067,1377,0,2132,4699,13543,2918,9084,1472,2523,1010,0,7733,3495,13272,13718,10685,101675,24407,202498,0,10047,142402,78524,924,2372,0,11241,28085,27277,497853,59183,10714,56419,106991,20392,69196,1964,2464,4290,3425,0,12508
D11B24C,393,25059,18972,0,0,0,0,729,7110,0,0,0,0,0,4257,2030,2181,25591,48745,3967,10482,10770,85308,99659,150356,1588,9379,7752,302424,5528,12037,1918,4046,25200,703442,52944,1469872,2989,1053,25016,2239,17488,9538,6705,5540,5882,26278,514,8625,6790,302064,420294,0,0,1133,4772,201708,8693,6606,1992,38275,582564,0,8388,0,56837,12978,117022,22452,0,11775,11477,228672,33354,7031,1402444,2309,9973,15933,2600,9866,0,11613,1365,3445,2849,41177,1131327,39067,13665,11944,8823,105899,44195,45586,0,0,0,7901,4484,4961,3880,6925,1057,965,1259888,689198,41730,43735,455572,36413,4256,9904,0,1768,2500,116645,15776,25486,4420,19213,19852,10485,5949,3423,902,59346,58913,118480,153643,395286,0,0,2669,0,9871,5142,3714,497117,5303,74943,137008,3498,427133,19867,3146,0,395,0,13775,2256,8479,1445,7610,2265,10510,2635,24910,1938,4643,11778,2692,1071,1808,3404,12648,2848,7743,10984,72465,32663,277321,20594,0,5196,3032,2025,0,14077,9004,13022,18074,0,99625,140846,0,125988,1281258,1478,0,12392,1595,21392,0,88652,5324,0,2811,3511,0,14481,24044,2927,26414,5047,5666,0,0,15699,17491,20720,11736,8431,79374,38831,308071,9785,29915,588756,188877,2728,5430,2505,20159,36886,37153,716705,82076,21905,153260,252176,150537,1064366,2544,8387,8199,4114,2786,0
D11B16T,697,29487,22418,0,0,0,0,0,6973,0,0,0,0,0,4627,0,1422,28882,38947,4131,0,15679,102470,64916,188342,793,8745,8769,273307,5394,13645,1919,4021,10964,649556,66572,1623690,2261,5287,26615,3651,16100,8952,6731,1910,5233,25234,0,5430,34593,1209467,934370,0,0,2839,15125,644577,228,0,2715,50484,519564,2569,9307,0,32770,11490,180794,24762,1745,11894,12945,216256,15662,8880,1394915,7078,9240,21703,6644,10909,4153,8105,1985,659,2205,69290,1515773,16264,12649,10883,8885,87095,48261,64264,0,0,6608,8128,4016,3007,4262,7462,892,8772,1566826,911698,48131,35785,354370,33629,2063,12226,8835,2211,1693,42560,7188,40736,2689,4413,7400,0,1736,545,0,105136,78422,273914,270209,490123,0,1432,2807,1353,0,6889,4828,1109831,3540,86870,210606,3377,642041,36553,1634,0,0,0,7359,1118,2417,745,3630,1376,7226,1441,10114,1017,4799,11000,1944,0,1434,1812,14802,2057,10980,7180,40615,19908,148455,9470,0,6573,1743,1360,0,2803,3568,10040,3573,2783,75175,4867,2670,36442,369545,0,425,2782,0,34426,0,96247,2457,0,2922,1540,2059,4157,17103,2836,15095,1682,4266,0,1248,11454,5864,12956,9535,7019,72104,24887,194710,7664,13754,221419,66555,1168,1930,0,12064,19403,17823,341407,23589,5825,52275,61778,29971,5396,1638,3049,3053,2228,0,0
D11B28T,0,20657,16050,0,0,0,0,657,3913,245,0,0,0,0,0,1734,3497,25176,28231,3573,2032,14353,74900,63004,198559,3099,9864,2302,333018,8550,18688,3201,2564,22754,511185,98227,1342460,2297,10460,44548,937,18996,9978,5414,5823,3307,37990,0,7771,58105,1328604,1146085,0,0,0,22323,911732,2340,0,4289,78876,529191,4117,15405,17891,12703,7908,271203,33614,2043,14813,11809,101537,36984,13735,152078,9162,10997,28497,14724,22273,2345,14418,2226,8748,2081,162445,744655,66009,31826,14581,12349,50205,121926,199314,7678,0,7188,2950,4180,6998,3303,10927,3074,14382,1089202,1217721,68221,24354,363449,48922,16133,23345,5187,7126,0,18223,7689,30010,1414,1750,2809,0,0,167,522,148064,125952,428252,393410,706879,3024,9003,4377,0,0,6019,6803,913917,4284,70943,400127,5000,632957,57667,1580,328,733,0,3762,1029,2600,0,3289,1121,6202,1131,6004,685,1805,10569,1729,541,1467,2681,14822,3663,17393,15510,106221,24309,206269,5768,0,5350,2557,2426,0,8173,0,29477,1010,1198,245128,28154,0,51092,485567,738,0,2297,0,17863,0,83947,1981,2987,3945,0,2115,7225,17748,2742,11660,1840,3935,0,0,9723,4354,24488,19290,11495,150588,31066,258806,14907,11287,155326,55440,1509,3193,1772,20252,45047,35041,639591,82440,9786,66069,177648,22352,72919,2358,3787,6861,5813,0,13814
D11B28C,0,21672,15960,0,0,0,0,1146,4260,0,0,0,0,0,3363,2466,1968,47380,34028,6890,3153,24146,96092,50608,190051,2783,13460,12912,299404,8761,15197,0,3541,30143,611823,80957,1276606,3227,8318,35545,3530,24950,14226,5297,5652,4391,39292,0,7236,78177,1272247,1095670,0,0,4142,24592,871361,1451,0,4647,66230,507477,4043,13760,15418,12923,6116,208356,6991,1984,13795,10588,78968,31346,11517,157187,8382,10130,30442,12136,22612,4928,24307,1090,5971,1977,122499,870408,48985,4793,11798,11950,43719,135806,148548,0,0,6621,2511,5103,5381,4180,9435,1012,10841,1074970,979430,55825,17780,299486,40433,11614,17560,5723,4205,771,11627,5672,19974,1886,0,1937,0,0,313,0,136549,130590,326039,306136,620237,3460,10550,4354,0,0,6030,6866,935706,4671,93365,7901,556,596265,46206,1105,312,496,0,5468,1215,5403,939,6616,1227,6991,1800,9434,1295,7211,10688,1553,1611,2281,2928,12427,3348,13398,13561,127664,25703,243084,8656,0,7355,668,3461,0,11073,4596,37930,3809,1674,378973,56786,0,74346,838675,1053,297,2722,0,27757,0,82265,3420,3335,3967,0,3107,4744,21659,1884,14278,2120,3904,0,0,12023,5077,26699,22107,5636,195525,34510,336170,0,11073,177115,54860,1146,3496,1015,31056,95610,53282,881797,58343,15345,96183,157441,39144,119413,3344,4485,8419,7950,3125,18382
D11B28B,0,9460,4788,0,0,0,0,2711,4465,0,0,0,0,0,3878,2725,6810,47785,30395,5588,1127,35365,104953,29697,217103,1028,13428,17515,345953,6866,10542,2213,7951,15396,512597,99421,1573323,3430,8073,27013,2032,14624,11391,4296,4704,3213,28459,0,3816,69137,1523748,644268,2594,0,669,19040,629570,1546,0,4266,68942,521477,3812,8483,12361,9891,7179,256210,23083,1542,13158,10142,97274,43368,4014,1503940,7977,7377,20108,14165,21737,3409,30255,4063,5673,2089,101678,1251362,77428,2397,8530,11729,114906,59879,143869,6578,5005,4966,3665,6094,7884,5012,8977,4910,12269,1264473,870503,49951,21946,170838,42013,20417,18878,4118,5521,1361,14175,1328,28193,0,2437,1087,0,824,385,361,110199,110255,292822,317626,609508,2727,8989,1063,0,0,7821,6288,866432,3671,55220,186632,2888,473844,49861,1617,372,322,0,2841,647,1351,402,1904,1125,4825,783,4412,697,2808,15184,3964,943,1321,2210,15610,3352,20465,7172,160206,12751,70590,8423,0,5382,3140,2348,0,10933,0,49308,501,0,357709,9140,0,33503,445940,789,0,739,0,12907,0,48625,1465,3250,3134,705,1905,1699,13100,1070,6902,722,2222,864,1184,7630,1230,18650,23630,5676,145475,29559,205070,3868,6408,94268,4090,1719,2102,0,22130,70919,52740,889170,10366,4142,71610,29697,21524,15743,3002,5148,7511,8050,0,3940
D11B26C,343,22285,12573,317,0,0,0,1540,4664,0,0,0,0,0,3850,2475,1797,44744,32095,4919,4219,21693,102413,49981,213575,2933,9488,12056,315310,8546,16771,2468,4084,15840,642564,72534,1349247,3034,9901,41322,2974,15677,12585,5449,1405,5343,32463,0,5497,51123,1311963,1063589,0,0,2317,20480,825899,4708,0,3190,71454,561037,3225,7167,0,43031,14729,248091,30470,2176,14040,1795,158097,33834,4338,172347,9189,12696,25113,12654,22670,1800,7049,3578,7418,2544,133123,896528,59802,45819,12856,12804,154905,78159,156396,0,0,7948,7739,6488,2948,3350,11341,612,12512,1328041,1124874,56983,25339,358650,48929,12453,20509,7261,4729,671,35311,6161,17988,0,2700,5833,1193,0,0,497,117388,134042,297724,309283,671036,2407,5997,819,1304,0,1155,5730,1002802,5760,79561,348907,4115,523079,45165,1828,0,0,0,5115,1220,3685,910,5603,313,6573,1423,7395,0,7058,11064,4328,1693,0,2475,4617,2572,8149,18494,54140,16772,270394,10183,0,3632,2889,2565,0,7859,3890,23453,3065,1777,210939,26298,0,33694,582894,1320,344,3022,0,12430,0,87722,3068,2513,1460,0,2624,5390,21931,2865,14294,1890,3766,1149,0,11306,4149,20723,18957,6213,140144,30876,272243,6339,11075,187240,28101,0,2644,0,21701,57675,34639,633752,27396,5376,72192,65976,31483,35790,2738,4721,4929,4938,0,0
D11B212B,0,8845,8694,0,0,0,0,4227,5477,0,0,0,0,0,6952,1816,6344,32788,30768,3593,1448,43112,68709,62318,112681,3587,10986,46675,304014,15804,5961,591,0,44312,761152,139167,1366589,1180,16643,59226,910,7189,4245,3016,2422,717,40222,845,5198,16383,537187,103958,0,0,845,11207,290985,9361,2053,11363,103131,793558,4051,30944,26802,57751,58500,955748,39482,0,17657,13667,701294,99648,21763,438139,5627,10950,17206,34191,58719,707,35331,12154,15394,3377,597386,897586,72695,65916,17730,65221,706576,602685,325588,16772,10146,0,5194,6180,54365,3768,18827,1488,5358,1333458,918963,62987,23653,174415,78482,66908,46188,3253,4777,583,429759,43904,40053,929,9477,52633,5145,10803,5216,694,127828,97327,323917,632895,940801,1450,1983,9166,5428,58552,5190,7114,1019522,1061,74683,74739,4302,272940,34646,1653,0,220,0,3925,837,2594,0,3037,1314,6284,777,4236,776,3189,7498,7809,3628,646,6147,5485,2953,18372,11455,71875,11229,74568,2305,1146,8293,2465,1586,0,8654,0,18132,436,0,145394,3914,0,11888,57859,527,0,493,0,1503,0,40134,3034,15456,9998,0,2032,1089,10570,617,5876,628,2223,0,646,6268,784,15795,11788,0,72438,10707,75251,1047,2883,30718,1214,1226,2571,0,22533,51825,14903,217520,2287,0,11241,1409,4052,863,2531,4521,3101,3086,0,0
D11B210T,0,11885,14593,0,0,0,0,1266,4977,0,0,0,0,0,2757,1841,4858,30838,31107,5015,0,25483,78149,37377,204224,2662,13362,12961,253544,8251,9491,2686,5463,11702,495228,94879,1361162,2665,7195,33450,2251,13218,9817,4143,3992,2343,32780,927,2554,53913,1342722,985765,1488,1316,421,20544,875670,596,0,3504,60525,430262,2916,16062,13124,18322,6263,239748,30205,303,12427,10613,71222,58771,11432,1152370,7995,8770,21911,11826,20807,2265,23422,2105,6843,1735,112656,1308486,65162,31586,11820,10160,114733,68716,132003,1648,5633,2856,2571,5478,5647,3469,10077,1546,11844,1307457,1128589,56039,22167,289059,47403,13020,20395,7140,5723,750,20670,4558,35677,1191,2035,454,0,1417,0,0,132769,123856,364905,387519,617994,3059,9843,4582,2003,0,7722,6368,969896,3737,69951,287342,885,688549,53470,2530,398,0,0,9502,1631,4897,1195,6024,1514,11951,2163,10460,1498,7649,9626,4684,966,1194,1830,8469,2608,5003,17161,43093,12442,198027,11116,0,5205,2271,2407,0,4755,1885,30725,0,511,221507,6364,0,25535,428865,1092,303,1224,0,15746,0,53145,2782,1707,2096,1380,2460,4066,15927,0,7950,1752,2852,0,2269,8800,2765,16332,17371,5220,119551,28592,202751,3680,8007,120651,11347,2199,2686,1072,15573,46441,36371,635910,17231,3346,62526,24081,20969,8410,1666,3003,4692,4349,0,0
D11B16B,0,23588,25078,0,0,0,0,1959,6954,0,0,0,0,0,2382,2185,6503,28068,32425,5389,0,26622,91721,45045,261666,2776,12896,14455,355447,6425,13348,1764,4711,18176,568482,76491,1600169,147,6710,28021,1356,13080,11355,5750,5627,6253,23451,0,2778,29381,1255607,607946,0,0,1075,11452,575223,505,0,3680,68449,614912,3581,12984,12413,29562,11582,222057,29320,2028,12157,12160,122822,49020,3018,1467511,7715,10269,19884,10157,19890,1993,15338,2690,4930,2359,80577,1224276,71793,4811,8668,8694,83134,54401,106814,0,0,5592,6504,4599,5087,1985,8566,814,9434,1412969,850770,44642,26663,205479,41671,10767,16564,4451,2945,1531,28196,6775,24875,2114,2727,3214,0,1068,523,0,106663,114879,248900,288822,597864,0,1134,370,0,0,6167,5808,1068251,0,65715,237243,516,644897,40445,2361,0,0,0,5959,819,4957,0,2336,209,9068,1263,7207,935,4486,14598,7934,1201,1282,1636,16381,3182,17112,18618,124792,5400,183858,8128,0,5247,2603,1475,0,7796,879,38747,603,0,290887,12028,0,14983,570611,576,0,1120,0,9295,0,65512,1763,2405,4529,0,2197,2044,12614,1806,6603,853,2633,0,674,7546,1449,14328,18699,1763,127594,26448,185061,2190,8519,117906,3709,1514,2727,0,18611,61617,46659,841222,9973,1990,81622,14323,30548,11327,2074,3392,4934,2365,0,11370
D11B110B,0,5936,6298,0,0,0,0,4670,6721,0,0,0,0,0,5753,1069,6899,62388,27171,7089,1871,42002,147642,23411,261126,868,10025,47080,526853,10385,6659,2929,9880,29529,482215,146267,1567075,657,6262,26231,4159,15877,6704,3419,6870,1535,33963,1112,2119,59242,1312972,216998,0,0,1544,25008,578961,12334,0,8908,117674,810829,1959,10873,12443,19499,19931,521669,26135,555,12697,11453,169747,20482,11220,1292255,3746,1471,36303,14255,24112,2783,26273,8587,9176,2623,196015,903838,76625,46106,10774,15665,153980,92879,210892,2137,8796,3628,3088,5540,12418,4730,11203,633,18265,1174557,627469,17207,20187,69144,54502,26374,16440,5472,6081,0,121497,16532,24665,2349,6474,7202,1618,4420,881,512,114957,68783,194393,494561,643209,770,481,3380,0,23697,9078,10197,1155513,2732,47986,149793,2880,634238,54592,2964,0,0,0,10523,1878,5635,1311,5296,2119,6948,2913,12769,1741,8991,7487,4460,382,0,1797,13230,4563,7542,10369,144911,9418,132703,5085,0,10821,3829,3865,0,9739,0,36897,1180,835,276025,9431,1452,10755,197227,1140,0,822,0,4090,0,43392,4027,2750,2179,1707,3902,5426,25138,0,6123,1166,3208,1757,2210,8863,2364,26985,24058,3487,129736,21659,131115,3034,5004,48121,2504,2854,4841,0,22628,59842,46278,587169,10688,1642,36566,10663,8751,3637,3101,4238,5081,4665,0,1434
D11B112T,0,11078,12356,0,0,0,0,1361,4924,0,0,0,0,0,5253,4103,5976,62300,30197,8946,3425,41487,137263,86589,228304,781,12831,19721,283586,8201,12460,0,5575,17820,561138,94152,1556019,2500,7446,34197,1545,14138,6212,3489,2489,3692,34824,0,3900,55895,1205621,250906,0,0,6491,28103,697986,1210,0,5038,75467,447321,5101,15065,12344,17764,12118,348352,27447,876,12505,12127,138705,18996,10007,1370142,8145,7893,30063,13643,22929,0,8125,3740,8006,2213,115299,1063436,60334,16238,11597,12292,137257,79912,146957,6550,0,6456,4327,5772,8599,3825,10446,7539,11477,1044272,687789,14917,14251,89732,34776,14278,15011,3457,5163,1416,18435,5431,40325,0,0,2136,0,0,527,493,125256,105630,307720,476696,693539,1068,16430,800,0,0,7826,9056,1133665,4707,87669,232962,787,700714,85747,2118,522,0,0,6066,1063,4735,583,2939,1314,6126,1091,4884,884,4869,7519,6772,210,1459,2922,13860,4056,27368,25609,200893,6905,65806,4702,0,8618,4640,4812,0,12910,2901,57564,1904,832,477076,16802,0,20047,413212,0,474,1030,0,8541,0,77103,2268,2271,3011,843,2710,2410,17955,1875,7955,1315,2872,0,0,10370,1907,24352,26019,5428,204304,25248,204030,3591,8462,71673,4550,1668,2070,840,36815,123064,42350,861622,12578,1510,62578,16309,14716,8117,3241,6005,7558,6106,663,8185
D11B14T,0,19217,20624,0,0,0,0,520,6582,0,0,0,0,0,1439,0,2787,10653,44315,2915,3177,11432,73665,61367,235983,1840,13102,9608,277197,5019,12090,1694,2175,30627,867117,52336,1722463,2694,5080,25881,0,0,11793,8875,6761,14842,23808,0,2391,721,104078,116221,0,0,0,4508,91104,1665,3304,5051,64489,1090572,0,10447,0,131469,16308,153603,25876,787,10962,12650,129595,35620,8533,1226715,7073,9358,22377,7332,14775,0,6136,2395,2649,4369,86230,1635386,66258,26527,8199,16279,186252,134280,630489,0,0,0,12203,6947,7550,3251,8475,0,8870,1704267,1126038,63998,64766,722399,42361,1440,13559,2737,2733,1974,171545,19335,15485,7166,28097,34638,16891,8259,7865,0,60890,70107,91401,156317,427220,0,0,0,0,13957,5357,0,1041986,0,90511,91890,0,617883,13839,2311,0,0,0,7055,1106,6123,0,3274,1727,2939,1435,9023,1210,5665,11363,18589,720,1412,2998,13932,3577,10047,11639,73156,32299,237700,16268,0,4911,2268,2570,0,9321,0,8186,4524,977,66714,46200,0,60968,412960,2104,0,6098,0,7132,0,87632,3041,1738,5126,606,0,1593,21975,1825,35905,1445,4138,0,0,16121,3233,24312,12086,1863,69803,33871,231239,2516,22466,427267,7188,2914,5256,732,17545,52076,17973,323026,3923,1085,58914,7834,50069,6446,2310,5448,6877,2054,0,0
D11B18C,0,16469,16729,0,0,0,0,1130,4129,0,1331,0,0,0,2971,2155,6461,15445,43057,4970,0,41632,99464,53700,209377,466,10468,16307,324575,10767,20524,639,1441,25088,489448,93228,1228573,3139,10117,50902,1189,6182,9465,4572,5999,2567,29844,791,3589,36944,1182180,759309,0,0,1497,17659,812474,7410,3456,4680,87822,597992,4774,6343,12433,47216,7837,328959,38004,3166,15745,11448,182226,85605,16253,188279,10340,15790,29024,11376,32129,1633,21414,4370,10492,2441,178428,1056079,58732,5721,14927,13802,186987,102461,194410,0,0,8712,8584,8707,6755,2130,12853,1017,7227,1209896,762971,65099,19959,342036,49562,18915,26293,2942,3007,1020,81816,10579,24627,2417,3285,12811,2812,3396,271,0,123974,139654,312294,393722,839290,2429,5597,3825,538,0,4580,6848,1080843,7969,97597,288209,5089,601417,61291,2607,0,448,0,4464,707,1044,0,1853,1154,7739,0,4690,548,307,8801,12622,1694,0,2434,5014,3152,21770,21806,175340,29286,270791,8531,0,6885,2740,3399,0,8297,765,34147,0,0,331523,8109,0,78129,617234,0,0,1248,0,6364,0,82198,1253,2253,6031,625,2001,1363,15963,1664,9618,715,2711,0,0,8670,1373,22430,22646,0,169379,29491,267558,3166,8501,131404,4346,1906,3866,0,25095,74580,48085,798212,5733,1133,74790,9652,25235,5351,2592,3763,3885,5369,0,3279
D11B14C,0,32779,34349,0,0,0,0,713,7680,0,0,0,0,1252,2805,0,3119,15690,44336,3951,2935,13726,92183,70419,302405,2201,14311,12379,365738,6550,15924,2025,3182,23316,735667,68482,1630530,0,2530,30932,0,6411,13200,10209,7226,8075,20509,0,2571,14664,490577,538163,0,0,936,10027,300719,935,0,5046,69703,956956,0,10910,0,64927,6383,155166,33330,1944,12652,13519,235035,19408,3884,1423053,7710,11768,21123,6761,15001,0,15076,1769,1644,3720,64382,1405644,16909,21048,8006,7145,59959,36625,174098,0,0,0,7973,4790,3459,3403,8845,656,6731,1556867,674538,33795,35592,317062,39572,3561,12016,0,2170,1791,64604,9930,17911,4927,5821,11678,4991,3226,1345,0,108833,113225,164786,219171,579054,0,0,2276,0,0,6424,6656,1293792,1349,87665,8268,3662,876463,20850,2151,357,0,0,7815,1624,6519,859,3916,1465,9923,0,10734,0,6725,11235,14032,1274,1499,3388,6262,2477,4453,13467,93653,34317,279981,22499,1196,5482,0,1956,0,5550,733,12278,2771,0,53177,24762,0,83560,667712,1283,338,4352,0,14737,864,81722,2953,1393,4145,0,0,2251,19203,2948,25330,0,4285,1544,717,10771,2084,16977,13735,0,79997,33204,272783,0,21389,394592,6192,2176,3856,0,12864,41742,25671,445984,7005,1856,80343,13193,58807,18763,2417,4454,5035,2881,0,0
D11B112B,0,3144,3312,0,0,0,0,6139,9249,0,0,0,0,4231,6921,12557,20191,65698,22047,2279,0,83141,126474,9548,147612,3373,5895,92143,608180,6041,1777,0,21102,40941,191904,154640,1948109,4583,4039,8448,2107,3133,9481,1331,3873,10129,83833,1914,4453,164470,712806,46526,0,0,558,63676,231071,6763,0,21326,119879,420116,2294,13476,5926,43168,43852,573788,3981,1263,8562,8491,26325,21129,6025,1641211,6289,0,34164,5451,7519,4075,176562,19573,19154,5700,935449,775930,129529,0,5407,53094,262260,176537,889335,12414,44692,0,5750,7331,27529,6508,1581,1170,31969,1070474,595000,7216,25836,38982,16846,27543,7591,3165,4488,0,236972,22880,55214,2804,6947,5945,0,2549,1407,0,102325,14071,198748,407309,92276,5905,0,3609,0,15591,9601,17420,689794,0,23521,54751,0,338414,30846,1918,488,0,0,4279,1576,7227,0,2173,1676,11800,2465,12746,0,7884,11201,23125,1378,2904,2231,11429,9930,62164,38748,235371,2507,103611,1861,0,14573,0,8510,0,22749,0,90695,1036,713,542027,6441,0,20484,93551,0,0,460,0,486,0,31448,2378,1751,1186,830,6761,2742,40248,669,9475,923,4662,0,1547,17300,2112,60863,39971,3794,219326,17281,99727,0,3808,20841,735,2865,4711,0,50391,170838,63215,507538,5553,0,20588,3400,4209,0,4625,5833,3637,2879,0,6318
D11B26T,0,32195,34237,0,0,0,0,873,7200,0,1192,0,0,0,3646,2973,2338,17490,34649,4591,0,21753,85427,57928,202131,2712,11272,9440,257311,5941,10594,1507,0,19674,478048,66732,1761327,620,3044,25878,1571,3951,11426,5452,4265,6431,27608,1286,5737,42651,1288497,740691,0,0,1904,21991,772357,290,0,3224,51064,416257,2513,10778,0,28252,4011,196215,25025,1938,12317,12935,109071,15859,9108,1580537,4286,8224,22869,7086,12765,2484,13599,2395,1365,2421,84836,1430992,63136,5553,8817,9789,94329,64681,133877,0,0,6622,7466,5704,2653,2707,7549,872,8479,1544517,872066,28418,30909,261340,37667,3096,12436,0,2164,0,26825,4201,53682,0,1054,399,0,0,0,0,117876,91527,289982,237545,410437,2692,2048,3222,0,0,6262,5196,1038244,3266,58985,27493,758,585036,36481,3143,416,389,0,8545,1342,7022,0,4248,1782,11235,1717,11881,1436,7192,10907,23019,1940,1298,2351,12019,3183,21019,19805,142823,40635,303467,8313,0,6159,0,1183,0,8269,0,14081,1511,552,141858,18651,0,66300,441449,1420,0,2850,0,7024,0,78995,1975,2478,5588,567,0,2104,25306,2670,17539,788,2885,0,730,13439,2322,15680,18290,2267,119536,41279,304950,2186,15239,262310,4528,3096,4663,0,20918,53525,27355,525312,4235,1259,63870,5756,27633,5077,2897,6319,4903,4194,0,15785
D11B18B,425,8835,9533,0,0,0,0,1236,6146,0,0,0,0,0,2598,1823,9746,19137,31225,3773,0,34842,94644,25797,257436,659,13189,17756,398042,7654,11224,794,2970,23169,573537,99616,1524777,993,7533,29754,1414,4643,7836,4380,5019,4890,23280,470,3872,43321,1438235,685734,0,0,1855,18078,781283,9360,4730,4435,75479,555974,3564,17249,12741,28904,11766,296677,30646,1747,13773,11551,133740,30484,10335,1282476,4931,10337,23071,12414,23344,1256,9290,4929,6918,1889,121809,1067497,84065,67424,10517,12708,131341,76249,166414,7197,7014,5407,3936,6706,6449,3573,9784,266,13349,1354643,1081762,51736,25506,225715,48178,19242,20132,2681,2982,1451,92467,7015,46570,1811,3823,9980,1864,3900,1051,0,96911,99664,294436,303364,671336,1931,4973,2424,0,0,6687,7608,1115115,3789,65830,11915,309,615439,58287,1858,0,601,0,5154,602,3602,0,2070,1141,7156,1245,4938,856,3668,7214,8719,1237,522,1491,8378,2629,14817,16927,100580,21405,138001,5772,0,5570,1356,2974,0,5958,794,35235,587,0,247105,5101,0,61407,371485,0,451,443,0,1424,0,45961,909,1534,5292,0,1653,887,10512,1342,4703,0,1854,0,675,6694,886,14695,17464,0,86864,20319,136719,1495,7535,79981,1921,1795,3277,0,17258,48508,40595,733185,3763,0,62445,4282,18721,3189,2156,2927,3021,4904,0,4501
D11B210B,0,6537,6277,0,0,0,0,3196,8630,0,0,0,0,0,7585,2920,16123,52895,34785,6555,0,74716,111635,18936,202240,3251,11114,51978,514454,9802,2992,2622,9647,35208,467231,147944,1757430,1023,6071,20355,1866,7460,7233,2732,6063,1352,43474,1170,1872,67897,1371540,142416,0,0,535,29562,617159,14025,0,8694,109019,761239,1447,21482,10462,44041,24746,491729,23575,998,12317,12116,158685,42643,4702,1060061,4668,1543,33114,11085,21438,3933,57049,8777,11367,3746,235778,1103606,97550,0,11652,22152,231647,142036,108519,10201,5727,5642,3751,9086,16046,4116,10270,217,22400,1096738,753553,16821,21733,64905,44867,33502,16301,3336,4581,2347,144606,33211,21890,2645,6714,8451,0,4306,1445,445,135363,65197,223046,582181,585397,4053,726,1713,0,29136,9539,11637,1115843,2997,56703,82991,2374,534930,53134,2290,316,0,0,6226,883,1693,750,2624,1451,8863,1123,7510,1074,4845,8246,10068,2669,1075,2868,9433,4163,23518,24190,145767,17088,100559,3762,0,6730,3246,1724,0,9471,0,60791,0,591,367280,6361,0,29751,152005,0,0,315,0,1143,0,35835,2702,3890,2653,687,2591,1473,15915,956,5945,406,2979,944,890,8012,993,23689,25830,2439,130010,16456,99228,1174,3871,29733,1392,1815,3023,0,24502,75695,51300,600965,4171,0,30387,3003,6078,1737,2369,3902,3516,3847,294,2154
D11B212T,0,8090,8504,0,0,0,0,743,5130,0,954,0,0,0,1250,1784,7591,28207,31344,6434,0,43808,75744,32949,169785,3342,9741,18654,231036,9356,7898,0,1132,21680,437356,92996,1395722,1642,6584,28541,1519,3303,7762,2774,3485,3744,35517,771,2538,41814,1240204,424431,0,0,3252,19705,690252,0,0,4648,69477,404689,3846,13218,13296,15900,12172,367400,26936,2906,12207,11936,123248,29733,5553,957851,7890,7344,24269,15318,22466,0,25815,5557,10976,2236,186166,1256683,71201,67389,13798,17337,214781,192134,280847,10628,4050,6766,3634,6505,12445,3229,11191,1087,5466,1260135,1201859,61886,22399,207206,50866,28255,25146,3733,3529,0,22702,3960,27376,0,0,838,0,2100,0,501,120659,97121,275185,510020,706111,834,10356,5728,2230,0,5656,5878,912262,2836,52736,11861,2655,487417,62832,2490,307,265,0,5532,1012,5087,521,3392,1286,7941,1257,7357,948,4965,7123,7619,1876,846,1829,8212,3651,24472,22756,166237,22341,177973,8411,0,9024,2678,5837,0,12127,825,67536,637,0,554078,9087,0,67536,414992,0,0,632,0,2817,0,44834,1673,2401,3002,0,2015,1664,10746,761,5109,733,2313,0,0,7686,825,25048,22024,2498,132521,22804,173324,2018,8874,69637,2380,1781,2442,0,40395,151902,62561,996586,8037,1291,66861,8244,16452,3218,3457,5031,4832,7325,0,5617
D11B110C,297,11650,13692,476,0,0,0,1239,4227,0,1032,0,0,1215,5533,2677,10848,24706,41470,5330,1433,52175,114835,37458,216671,3220,16262,17785,305566,10101,13321,2564,4109,28707,743531,89815,1247286,2711,8401,36019,1168,4038,6211,3937,4990,4851,33337,0,5097,44298,1225740,636092,1590,0,130,18642,835097,844,0,5086,85351,543268,4583,18937,15714,53721,16130,357016,31271,713,13593,10969,132717,47654,13626,725644,4648,11496,24493,14320,28239,2170,22885,4761,11966,2592,162372,739596,59011,0,15140,18967,294391,213679,200309,10533,7073,3636,3279,9213,11795,1630,11859,619,4934,1166092,676401,54518,16633,240045,46488,26301,25464,2064,3442,1024,31640,5717,36004,1750,2096,4192,0,1794,0,0,126256,126447,305677,397057,778349,734,7065,3921,1727,0,5413,7281,1079498,5969,106354,217358,4035,622324,65857,1876,0,0,0,4421,0,3275,531,2024,1023,7059,617,4784,469,1272,6744,18013,1917,892,2855,7843,3593,23276,24781,186977,27331,233689,8862,0,9846,1925,4630,0,8336,1048,54555,1108,414,432626,10237,0,82237,609221,0,0,920,0,1382,0,61753,829,2832,2280,528,2303,946,16458,994,7189,0,1645,489,531,10081,0,24045,22474,1565,120637,25771,219228,2087,6128,87547,2729,2066,4321,875,34970,95744,51445,702390,7782,1190,75797,6617,22193,3592,3372,4416,3424,7311,0,12663
D11B112C,0,10673,13048,0,0,0,0,1575,3916,213,0,0,0,0,6880,3444,8680,17567,27266,7991,0,49837,118561,41718,195860,320,14105,23313,260076,9212,8455,2628,2607,25172,399235,83899,1245532,1110,6708,27950,728,3397,5756,2900,4416,4348,38643,0,6730,66907,1237512,514317,0,0,3892,24202,825713,872,0,5762,94850,565222,2960,16960,14154,20235,14580,434000,28284,2177,12996,10940,103286,36717,12582,1220291,5258,8034,31935,15686,26464,2642,28398,5123,9773,2464,172304,725975,59873,0,13208,20534,310824,223285,154810,9642,4572,7038,5373,8679,14448,3373,11997,1173,16350,961227,922403,35100,11920,117879,44585,34567,21096,2213,3803,1530,23273,1511,37183,1378,2651,2674,0,1407,0,0,119875,89927,261917,506689,715333,3042,8676,5362,0,0,5393,7362,993478,3644,81208,165570,941,563930,64034,2336,368,546,0,5968,1001,5730,603,2045,1328,8511,1361,8830,1349,5902,6708,16832,2921,1217,3528,6789,5246,41756,34120,270317,25219,224937,8187,0,13206,3857,8700,0,12804,1657,81226,832,618,616850,5387,0,65324,418192,0,0,568,0,934,0,58886,1911,4649,3248,490,2128,1536,19113,680,7251,560,2230,0,868,11829,1082,37837,30044,3323,162397,25300,201576,2316,7163,61138,2731,2043,3348,0,65676,198169,57580,713637,7764,0,57595,6434,12691,2778,5183,7175,3853,10592,0,8092
D11B210C,358,14368,14934,0,0,0,424,1115,4097,0,0,0,0,0,4693,1866,6964,17916,43575,6409,0,40180,117738,48318,226447,3378,15495,16218,263830,8390,10630,2241,2036,18952,516402,81309,1463888,3176,6657,25739,902,3491,13023,3668,3181,4937,34451,0,6895,79259,1460908,922069,0,0,7552,28250,1097716,4352,0,3963,56164,378617,4650,16313,11189,31580,10594,190386,21347,2352,10355,10481,168001,21244,9553,208483,3565,6485,27695,9373,17537,2794,35801,3404,5679,1515,84465,1419897,47018,3456,11202,9062,102270,62558,78092,0,0,5032,2504,6361,4514,3290,7883,1634,10902,977795,680917,26447,14383,137724,33310,11635,13006,2183,2425,1790,25249,390072,25789,14414,4184,3209,0,2121,271,0,138666,109488,302344,358644,585098,3557,8175,372,1955,0,8197,7503,1161890,5616,85311,14060,3280,705949,61700,2803,0,737,678,6611,780,989,695,2380,1146,9391,0,7503,595,4504,7334,13979,1901,889,2340,7491,3163,22955,22991,173961,26745,221012,6516,0,9099,2019,1516,0,8566,1180,50998,763,645,401039,5718,1776,99270,695534,0,346,933,0,1467,0,57442,1629,3086,2912,0,2000,1675,16382,839,7715,0,3725,0,0,10938,1030,20857,22330,2866,130920,26850,210543,0,10401,93790,2485,2361,4227,0,31936,105334,48152,839879,9127,1616,89779,8848,29963,5198,3171,5166,4512,8094,412,10120
D11B16C,0,28825,27921,0,0,0,0,942,4641,0,0,0,0,905,2972,0,5074,19050,42850,3859,0,25369,103417,45953,265208,808,14372,10943,278678,6683,16362,1728,2005,20413,655195,64652,1320981,3542,5860,33966,1323,8599,10563,6077,5760,6272,24227,1055,4698,35177,1222791,1041316,0,0,1194,18540,862371,14714,7866,3342,78555,714486,4530,3982,0,54927,5165,235286,33701,433,13396,11146,159809,36856,12592,1258752,8789,15007,20007,9527,20073,0,14021,2923,6409,2892,112315,774915,54237,9610,13771,10621,132827,84885,126289,0,0,7850,7890,7376,3530,3062,9233,494,12319,1307125,1084762,64370,26032,388231,46437,10294,20210,3510,2852,1230,129642,10620,46656,2669,6761,25703,6056,3275,1260,0,139296,142713,267684,344115,696286,0,1543,469,0,8238,5739,5089,1084951,6654,81407,165415,796,660811,32852,2120,304,0,0,4509,745,868,533,1949,948,6438,685,5232,665,3335,5770,8119,1228,1368,2325,6054,2161,1115,12120,88937,23183,190521,10289,0,6072,1266,2081,0,5622,0,12334,1644,0,108661,9307,0,59779,447826,0,0,1857,0,16303,0,70647,1077,2297,5207,0,0,1228,12606,2177,10138,835,2788,0,580,9534,1558,12679,12387,0,86985,23838,184471,2477,10008,160772,5408,1906,3301,0,13862,36013,27294,442415,5680,0,57941,5676,25997,8764,1362,3140,3225,2979,0,2572
D11B110T,0,22325,22934,0,0,0,0,1472,5508,0,1273,0,999,0,3610,3096,1954,21319,35139,7991,0,33615,102021,102139,221665,2833,12012,12184,229580,7495,11951,0,1794,16101,423014,70606,1635175,1847,6050,27808,1348,4665,7447,3837,5571,3877,36713,1256,2416,53224,1264035,410870,0,0,1299,20541,618182,2212,0,6284,71585,486404,4037,14250,13671,16333,8212,288540,7063,805,12969,11525,69370,21159,10348,831239,8275,9085,27619,10182,20769,5128,17593,3823,5846,3707,113858,1187246,53831,18976,9575,9667,99441,63337,77798,0,0,7161,5315,5663,5311,3369,9117,7030,10381,1261796,723342,41057,18372,140803,35499,9766,14680,0,3087,925,19592,3063,38284,0,0,2344,785,0,0,0,132438,137089,292584,376287,589602,6212,17140,3959,0,0,6079,6897,930189,0,62542,22106,0,657610,50623,2075,494,761,0,7643,1248,6777,821,3237,1801,2426,0,8849,939,5990,8314,17824,2594,1264,3090,7659,4554,35671,30339,257449,37115,334796,9844,0,10485,3415,4953,0,14125,1415,21144,1362,907,449385,11407,0,90282,666996,961,0,1803,0,6606,0,96138,2202,2937,8390,0,2502,2941,23367,1926,13377,1165,4625,0,1005,11741,1832,31560,31578,3419,238453,37907,339960,3524,13203,137877,4932,2701,4461,1230,41346,129501,56805,975850,8228,1021,87757,9465,25288,6826,3650,6422,6833,8070,537,17992
D11B26B,0,20027,19944,774,0,0,0,1964,5364,0,0,0,680,0,2555,0,5293,16773,35608,5005,0,25178,84857,70245,218367,789,13419,12505,291477,5868,11872,2083,1880,21131,464069,68349,1666390,1382,7334,29161,1536,5547,13414,5121,5214,3060,26208,0,3993,31859,1151874,631362,0,0,85,16250,722666,1090,0,5121,65508,619703,3502,12131,12297,34516,4202,178578,6777,213,11028,10899,108471,15551,9856,1610643,7002,6936,23570,12163,19886,3318,14231,2994,4542,2578,69405,1332200,62131,5401,7328,7320,76852,64728,106735,0,0,6093,6164,5802,4176,3016,8577,3763,8894,1419185,706202,42100,27555,243159,33795,8254,13935,2618,2635,1804,14179,2529,14076,0,1999,1821,0,0,0,0,87256,92580,244713,238947,488441,4125,8342,288,0,0,5970,7056,959760,3383,55363,5734,3276,513143,34435,3067,357,612,0,8564,1703,8701,677,2627,1705,10608,2067,13447,1747,7961,8041,3244,398,842,3227,6988,3546,23113,22613,158119,36962,276080,7721,0,7400,2231,3269,0,7917,0,34384,1436,599,253856,12811,0,101674,708633,0,0,2202,0,5061,0,64559,3408,2250,7142,0,3387,2114,21646,1596,12182,699,4293,0,0,13769,1359,18626,22710,2438,139694,35182,276105,2419,13203,212145,3332,2946,4585,553,22491,62590,49828,852506,5627,1492,99159,9790,46759,9264,2616,4326,4923,6747,0,11439
D11B14B,0,26001,25298,0,0,0,0,850,10266,0,0,0,0,0,2585,1731,2952,0,27147,2973,0,12019,56647,37227,196160,2253,10124,9152,256695,5047,9337,1196,1106,13953,546226,51237,2575930,2627,4568,20151,1407,1747,12031,8075,3863,4511,23173,518,1210,1548,176727,141907,0,0,0,6037,134748,1026,0,3570,41733,502830,0,9270,0,31947,4499,112033,12065,1499,10321,13805,162604,9477,8054,2505200,3821,8441,14195,2513,11953,0,14542,2189,5177,3993,64479,2057065,96089,15507,2550,9357,78751,36741,151513,0,0,0,14092,5301,1946,2997,7572,3457,4492,2309052,995118,24793,76023,414430,31685,4734,13093,3261,2533,1344,83861,11958,53613,0,5184,10972,0,3735,0,890,72856,89057,138632,194437,446925,2338,3557,0,0,0,6289,0,917297,3612,55375,49143,2867,525965,19133,3436,0,0,0,11048,2994,9061,1438,5906,860,14059,3101,15547,2149,9419,9843,12570,1490,1181,1610,10040,2338,11698,12122,65479,28567,157459,5140,0,2335,1717,1980,0,4601,1208,16960,0,576,72868,9857,0,85674,408187,865,0,1451,0,5331,0,46179,2863,1504,7824,1390,2912,2625,15837,1941,11168,1456,5853,0,1571,12103,1590,11762,12606,1982,43753,26644,140685,0,14651,210580,2264,3879,4072,754,9651,24614,29316,441438,3215,1508,59665,5741,41153,5323,1892,2901,2053,2521,0,1054
D12B28A,317,12283,9947,0,0,0,0,1188,4464,0,0,0,0,0,3027,3029,6594,54158,27533,8567,2451,32428,98008,63157,183337,3165,9238,7075,285036,12197,19884,3985,7470,25084,587448,113145,1281940,2202,9109,44818,1042,25440,5237,3432,3831,1002,35249,2576,5700,51952,1240291,507783,1684,0,432,21912,781789,2191,0,4283,81099,578792,6677,21570,18782,17106,11795,379935,33579,3080,13790,11701,210624,25945,4376,223100,3375,11432,31887,17665,33386,0,18161,2181,7527,2130,114400,773326,57584,2189,15862,9836,74388,122193,172414,7638,5184,5452,2213,2984,8611,4075,12508,2030,11564,1047705,817505,30664,14757,122086,46997,17620,18108,7425,6574,677,22081,6217,17852,1639,3505,2779,976,1491,294,0,117683,121941,273232,415359,852750,3327,8740,4317,2796,0,7694,8606,1101026,5744,90762,9936,5506,651874,81226,1237,0,0,0,4179,880,2366,797,5323,834,4524,1422,7230,817,6611,3883,1556,1160,2478,1856,4161,4320,15425,22087,166617,12255,85224,1581,0,9831,5098,3250,0,16366,23079,58131,4416,2456,504846,149174,0,23599,459908,1286,1734,3276,0,10127,0,51102,3760,0,3302,5127,3240,17654,22044,2148,10213,4447,4018,1711,8675,14520,4667,35925,26664,53141,215006,27307,234014,63508,8958,89888,79983,1041,4125,0,40205,114997,49215,895643,424215,41156,62539,312063,15608,104600,3313,6009,9469,6935,3461,9405
D12B210A,0,10617,10463,345,0,0,0,511,3639,150,0,0,0,0,4022,4451,11904,46462,24869,9658,0,60077,114197,50707,176531,3875,10918,4144,231882,10512,9637,3063,8767,23615,505278,110379,1350523,2267,6427,33428,860,14555,6425,2511,2699,2003,42824,1123,8298,100033,1301886,266163,0,0,4527,43722,837669,2407,0,3470,60051,455515,1646,16849,14687,20838,17633,376106,28092,430,11666,11602,117606,51092,4494,207993,8288,8619,31526,14042,27794,2076,23720,4698,9664,2151,192709,967527,66075,2481,15414,19353,177440,76218,359618,8144,8499,6745,2540,3826,14242,3564,10290,1729,11687,971659,879852,14002,15944,106257,42774,26470,19717,3849,6444,889,35639,9347,25762,1758,3989,2079,652,0,286,0,133755,109323,219433,594810,776537,4162,11197,7698,452,0,7508,7530,1099406,4209,87404,258323,4566,666955,74674,780,309,0,0,4765,689,1465,0,2193,719,6674,732,4228,612,2876,4922,1230,530,2219,2392,6834,5495,30503,20215,148623,13517,123399,2420,0,17904,11034,7804,0,35872,0,87048,4680,1812,732099,105100,0,42222,364866,1303,0,2302,0,7707,0,44146,1859,2998,1317,1173,2006,4506,12465,1302,5702,1388,2927,0,4134,12503,3587,41567,22546,18161,183721,17488,142816,10483,3844,40444,23344,814,3128,2823,86640,198002,58524,962785,126104,12513,54507,78999,11056,37882,5230,11011,13656,7758,889,39879
D12B112A,0,1838,1838,0,0,0,0,3639,6657,0,0,0,0,0,3602,5297,7673,52581,16518,2742,0,48501,71083,8837,184511,3425,7850,69191,403697,7207,0,0,12125,41417,286525,123027,1638497,2029,3835,11612,2058,5228,4733,780,1839,6570,119334,2367,8829,188296,1303882,81748,0,0,1756,73460,510720,528,0,10266,67466,327286,2508,12662,1312,33230,33826,361369,12644,2052,6075,8477,44679,19741,2102,1450994,2210,3316,24476,3493,7840,2741,65652,9845,20724,4514,634372,1003474,123344,4233,6067,48042,344733,170813,817341,14215,29342,0,7146,9478,29949,4922,1834,2003,5249,1160954,1094187,66308,28859,78137,21922,39533,14047,1910,10671,2045,83181,10849,32587,0,4957,0,1066,2857,1273,1861,115176,32582,140891,521639,229755,7889,7380,5926,0,0,8668,10755,685867,0,38528,86343,0,512654,31897,1321,0,0,0,4365,598,2540,527,2174,810,4069,778,4744,954,1165,5800,809,1599,2288,1706,5537,4373,15186,13632,76206,6173,45311,1849,0,11025,8808,8719,0,31962,2469,91023,2002,1490,602167,63501,0,21069,133874,0,0,943,0,1840,0,26565,2252,1848,1628,1923,1817,4871,9743,1345,4240,910,2908,0,2133,8189,2671,21521,16023,9383,95015,8718,52190,4589,2423,11666,5820,997,2388,1830,54852,173402,68949,653144,50972,6669,28109,65311,5366,6198,3073,6779,6907,3044,0,19572
D12B18A,0,14254,12860,530,0,0,0,753,4195,0,0,0,0,0,3267,2715,6083,50546,28843,8404,2370,34008,83090,52273,178971,3195,9510,5851,269873,11661,19812,3561,8612,27003,592204,101812,1287471,1941,10003,40363,1147,21755,6001,3338,2499,3090,39072,1014,5244,57005,1257458,601594,0,0,3123,24458,863373,1712,0,3743,80051,504222,6400,20879,17377,16446,12271,360568,31666,741,13011,11463,126754,32706,4977,192366,3117,10869,28189,16797,29290,2115,21482,1961,8455,2192,139605,933286,59506,5151,15948,13820,74354,170887,202029,8133,6887,2558,4938,5447,9483,4142,12411,2079,4635,1142163,963146,18362,14940,165080,45794,20641,21562,9580,8263,1010,15309,7017,15525,1439,1993,2112,0,0,287,581,151279,138045,325961,466642,815977,3870,11401,6060,0,0,4942,6744,895879,5065,92515,464969,4720,600541,76223,1309,0,287,0,5912,688,3397,701,2877,931,7662,979,6382,0,4158,9081,1295,1303,0,2751,14962,3561,19087,20607,158489,19170,175240,2624,0,6520,3939,3063,0,13466,5260,48457,3879,1549,418148,63996,5368,48437,479538,1082,0,1935,1564,9517,0,64171,2627,4246,4346,2559,2266,8763,16741,2135,7758,1522,3308,0,4214,11394,3499,27783,22167,23845,173909,23884,206076,10524,7194,80235,47538,1284,1253,0,30609,70787,48136,812296,163012,19610,66382,195447,17757,55152,2606,4810,7609,6082,916,14930
D12B23A,0,15639,9165,0,0,0,0,863,9902,314,0,0,0,0,6568,0,5219,24209,39623,3018,7006,22220,91720,47470,165191,1817,9711,7498,224589,894,14851,1583,3743,26170,779381,52380,1997213,0,1858,26507,2754,13993,12013,6093,4675,8235,41715,0,9382,10721,297496,195776,0,490,975,7590,225708,7415,4740,2703,60482,794987,6046,6426,0,75607,16408,199457,22830,0,10023,13056,159595,6348,8821,1705049,7540,10149,14785,3263,16628,0,14422,2724,6715,4486,72940,1798011,80150,31266,12720,14559,85673,198265,77954,0,0,0,8910,6922,5028,4475,8154,5323,10700,1897472,991258,44480,51602,408439,33848,2229,16511,0,3486,3389,193491,75121,37760,12213,30780,28241,8470,7455,7153,0,91325,106383,133337,237921,552203,0,0,0,0,11663,5547,4265,188232,4081,84639,146443,2329,428309,22052,2501,0,0,0,7828,2170,2710,0,2248,516,8871,2131,9505,1769,1571,20856,5851,1922,2134,3014,17322,3285,15845,8681,45928,20232,205127,11273,0,5754,2924,3385,0,10252,4321,19175,8493,4908,121619,6686,0,54964,579462,2107,0,5010,0,10375,0,77633,3961,2441,2994,1767,3760,6862,24690,4989,17187,1270,6025,0,2065,17516,7556,19076,16753,0,97427,33130,217290,5629,16165,248394,43907,2129,6544,0,24086,39907,35609,622542,23292,8200,85044,42397,48586,6090,3473,4909,4772,2676,0,3384
D12B110A,0,10160,5366,0,0,0,0,2042,4064,0,1117,0,0,0,3559,961,9938,38618,24652,9050,0,44897,79854,33235,164354,2563,10134,18032,199092,8454,7944,2872,3336,19321,406787,86752,1403419,1870,5007,26364,1798,9597,5277,2193,2352,1809,42074,0,6582,67386,1340424,439240,0,0,526,36190,956181,1663,0,1310,62573,400241,4601,10760,14057,17631,14334,360348,24219,1929,10883,9972,87531,17979,10136,1001999,2590,7641,27196,13663,24348,1957,23144,5334,9910,1859,192423,994191,80107,56734,13490,17290,176922,177706,357819,7798,8915,6439,2886,5021,13724,3649,9750,4629,1600,1127496,1042133,51519,19823,149976,45140,30274,22042,3615,7062,846,19953,3937,11340,1349,3445,2498,600,0,231,0,116264,96447,215894,485533,663953,3061,9476,5557,2671,0,5833,6005,857699,0,57550,5875,257,476115,56207,853,0,0,0,3121,634,3436,673,2503,1058,7050,0,3188,0,3590,11668,3939,701,2207,2984,8996,5785,10708,27406,83408,8872,98218,3840,0,16151,9228,10218,0,32334,2467,96945,1981,0,783301,31816,3169,32627,429398,1259,0,848,0,5477,0,47645,1800,2227,2734,0,2345,2681,14165,1673,6036,703,3572,0,1544,7919,2786,40497,28125,0,206025,21364,175350,5083,4462,53076,7368,1329,3364,893,76423,273817,70676,1077301,29150,2402,71230,32088,14689,7779,5035,11093,12161,9252,755,20224
D12B212A,0,1294,1294,0,0,0,0,3404,7241,423,0,0,0,0,5989,2150,19385,46062,18160,2585,1944,66239,88042,9974,249429,0,11037,87030,553461,5647,2143,0,35245,32800,197279,123539,0,943,3134,8104,2158,2840,7684,1033,3244,3939,216734,4577,19787,140230,345521,21799,0,0,0,64455,138679,4956,0,14423,96293,294537,1862,9588,1436,39119,39499,368777,8430,2240,1712,1201,29223,12729,4786,2868457,5369,3164,30958,3241,4975,2908,93963,10392,16884,7786,864736,1358146,213345,2362,0,69361,306936,179127,948262,12972,43501,0,7458,9000,23407,11964,1122,5669,33905,1216572,820411,10622,41114,57700,9633,29801,4139,1471,7774,2455,208935,105061,38476,4853,0,5356,0,3406,0,0,162047,24791,143474,398298,116381,11130,6260,0,1695,19845,12862,13052,682673,0,34596,58346,1023,667384,25557,0,879,503,824,7358,1216,2994,0,3884,2008,7451,1754,3814,823,5892,15530,5972,733,2238,1730,23924,8703,8314,23905,129824,11906,19279,3038,0,18676,7458,13005,0,39580,0,95750,1969,918,516497,15267,0,21026,93325,0,423,984,0,1194,0,27088,2830,2125,1810,1449,3034,2481,15094,1424,6825,751,3974,0,1887,13895,2340,39322,25453,4562,127309,11794,60196,1204,3191,12322,793,2741,3910,0,72184,222038,66072,424563,7151,1116,22265,5483,4297,2187,4067,7431,4517,2956,0,5224
D12B14A,0,16237,15340,0,0,0,0,1185,12261,0,1413,0,0,0,2932,0,3223,21554,28536,2899,0,15476,67725,40166,185613,0,7910,6225,191319,786,8963,0,2918,10138,601899,43706,2198223,0,3641,19703,0,4665,9975,4535,3266,7075,26289,911,2347,1125,114682,62302,0,0,0,488,112298,478,0,2416,61303,917896,4951,11406,0,63720,13482,237715,20421,1357,9966,11787,108924,35952,7676,2104282,7274,9353,12254,8998,18407,0,14302,3257,7329,2681,88875,2094961,131782,8719,9243,13910,174306,104015,117459,0,0,9142,15293,6927,5518,0,7405,868,12988,2143610,1464283,24864,77284,550317,36775,3130,20170,0,2072,2419,170327,21295,58683,5473,15329,26135,7879,4026,6981,0,77390,86592,129490,246810,539696,0,0,0,0,0,5059,0,545006,2533,50429,76344,2092,312521,21071,3320,604,0,0,9480,2183,8241,1453,5174,2363,12516,2591,15554,1984,2419,12128,9658,1938,1950,2755,20193,2976,1818,15476,88405,8920,47199,13199,0,8314,3423,3583,0,7219,1634,18263,3034,0,109419,7048,0,23990,382895,0,0,2439,0,4326,0,53364,4716,1996,5624,977,3999,4988,24023,3797,16899,1815,5213,0,0,18245,4548,17320,15618,4590,77599,30962,182702,3866,13691,210765,5212,3314,3410,0,17031,23584,31382,530912,7437,1523,57218,13827,27952,15609,2589,3934,2973,3218,0,0
D12B24A,0,15761,6962,0,0,0,0,0,7054,0,0,0,0,0,4907,2617,5824,33564,37723,4929,5092,23299,114701,78259,159348,686,10026,7564,221024,5161,12708,0,0,17193,700764,58889,1726200,0,4046,22584,0,5524,10558,5826,3994,7162,30242,0,9406,23316,949060,598638,0,0,244,13985,612082,7843,467,2448,44906,509084,2829,10485,0,52062,13186,146851,18860,379,8563,11501,217527,7970,7374,1560178,6249,8990,17492,6099,10673,0,14504,1991,202,2809,65222,1566144,59559,18740,8781,12092,140761,84924,75555,0,0,0,6842,6096,3746,3886,2478,1317,7799,1567937,827773,20922,37538,386576,31686,885,12269,7170,2627,2305,85689,171140,18927,20932,24872,12527,4904,1877,2124,0,102935,91993,161915,232019,414144,0,4083,2700,0,8742,6690,4356,911501,3740,91139,126975,3035,542086,26018,2084,0,0,0,6368,1013,6160,898,3451,1293,5971,1827,5334,1914,6669,10069,5596,2378,2624,3314,13286,3362,3511,5453,43073,15479,67025,13496,0,11405,4542,4040,0,11803,3363,19301,10616,7412,131632,16294,7839,34030,593680,0,0,11115,0,13498,0,92323,4318,0,3977,672,0,4208,21201,2738,18985,0,5151,0,0,8714,2813,20128,14878,4548,100151,33744,232216,0,14676,262343,14798,2739,6869,1359,31911,59107,33490,617028,13371,1974,88320,28120,58801,7000,3322,6284,11112,4378,0,0
D12B16A,0,20033,21524,0,0,0,0,1195,4802,0,1321,0,714,0,4007,1181,3112,26849,31733,6977,0,22583,112890,55961,214857,0,12165,14292,293182,9362,17613,2736,2396,17723,536383,86781,1376591,1273,7630,40213,1922,6710,9394,5626,6985,4846,28524,990,6078,66399,1361581,1142478,0,0,3523,26577,987082,5938,2639,4532,70371,521747,4164,15147,15235,29993,10231,227691,29900,2304,12420,11822,213856,56701,11161,1259468,7802,10121,31825,10892,19167,0,16945,2578,4201,2551,73969,1343003,40018,30424,11000,7804,77222,45205,85449,0,0,5624,5675,5632,2744,2525,9260,3100,8054,1130130,746736,24776,14726,187987,39224,3980,14512,2540,2739,965,33577,7681,16133,0,0,6071,0,2389,443,0,120905,133597,326160,308304,668258,2418,6697,1237,2072,0,6066,6934,1181876,4600,83009,231682,4491,731752,45581,2435,580,0,0,6105,962,5130,0,1730,1349,8591,1305,7871,0,5584,8760,15140,278,1456,2255,6434,2615,18459,13371,106809,22156,195809,11322,0,7505,1313,1989,0,4843,0,17522,0,395,151290,10526,0,53358,416447,824,0,1354,0,4973,0,72733,2127,3364,5172,721,0,829,18150,1351,11314,822,4187,0,0,12086,1319,19026,12822,2897,90851,22166,192128,2115,8495,117652,3335,2130,4238,0,15077,37341,24602,438845,5253,0,45618,6034,21878,4865,1784,3397,3073,4256,0,12321
D12B13A,0,24459,26256,1304,0,0,0,1088,5033,203,972,0,0,1158,862,0,5623,16215,43560,6114,0,26731,109948,48901,242670,2540,13396,9476,252904,6549,15384,2114,0,24032,701351,65963,1438763,2815,5154,31101,0,4722,11478,7073,6244,8729,37991,0,6510,25731,1008872,627849,0,0,1103,13396,585343,4251,2599,4159,70306,715377,4204,10996,0,54565,14722,196497,8528,648,11818,11088,138321,24115,3716,886663,6592,11933,24404,6350,15361,0,21090,1442,6732,3642,115176,1338843,56101,14798,12378,11194,151222,111456,259850,0,0,8053,8470,7448,2698,3097,8241,4882,11266,1425033,1101460,66497,32311,399464,40669,8625,18549,3444,2654,1229,60812,5111,28078,0,3861,8618,0,0,786,0,138108,146219,203540,324932,637985,2229,2731,964,0,0,4973,4424,1050503,266,85414,152037,3611,580432,27645,2725,0,0,0,7300,1337,6141,743,3763,1452,3944,1274,4358,1434,7638,8229,13828,113,1950,2719,4257,2852,19417,16538,119471,29123,243847,12283,0,9001,1837,2494,0,6643,1383,5828,0,406,141163,13586,1647,65463,517757,1363,450,1832,0,9476,0,82019,2475,0,7799,0,0,3121,21297,1788,16637,1392,5102,0,0,15672,2049,19909,17151,0,117653,28832,237503,0,11588,197388,4365,2646,5183,0,19236,45973,27150,527831,3421,1023,63128,6637,31877,5642,1980,3082,3425,3568,0,4850
D12B26A,0,23338,24405,944,0,0,0,810,4696,0,997,0,0,1296,3083,631,5589,10769,32519,6978,0,28088,94640,41334,207868,2989,10413,13323,267495,8050,14169,2010,0,17760,514017,74129,1500002,3078,7835,33423,810,1248,7621,5600,6009,5359,33509,0,3556,49093,1384197,843102,0,1429,2816,28556,1093188,2638,1913,4096,70616,469239,3962,5896,13677,28057,11314,225020,28245,657,12717,11053,117663,28172,10879,1376730,8128,10382,24590,9573,20759,2130,19608,3441,5005,2230,106245,1280407,64584,5714,11535,9227,99293,57773,105196,0,0,6223,6103,7108,3394,2143,9377,813,11529,1384493,992182,49553,24000,264610,43886,10741,18177,0,2969,1223,22005,3755,52288,1914,0,3847,0,0,245,0,118425,148123,277599,273298,656414,3134,7952,770,0,0,6356,5566,1167760,7448,68661,169603,515,630334,46253,2472,0,0,880,7263,1150,6474,690,3734,458,11361,1784,9608,977,6841,7975,20441,1954,0,2295,7580,2979,20450,17335,126507,27680,220971,8682,0,7161,1432,2399,0,4450,0,21387,0,0,134768,9041,0,57424,358186,0,0,838,0,3129,0,69886,2307,3233,8313,489,2646,1763,21816,1600,12567,0,4896,0,0,13227,1312,16556,15746,2742,90026,23525,201813,1659,9316,14608,2516,2712,4726,497,15745,36484,22975,420000,4076,808,49353,2663,21972,4109,2356,3164,2842,4592,0,14567
D13B23A,1370,20749,19978,0,0,419,0,1806,11167,0,0,0,0,0,2676,2380,4001,25742,37213,2050,0,14931,72015,30154,341168,808,2964,6297,552205,1570,6131,1294,9023,33175,611373,56746,2068915,4955,1365,17789,1870,21828,9931,11005,8896,5137,28794,618,2760,1428,21092,15629,0,0,0,1165,16516,3327,2712,3339,83178,1497149,5074,8656,6526,69321,11744,317213,27771,0,17580,12446,49178,9565,3460,1823241,4138,9943,18494,8351,24623,0,29256,4284,10067,2394,111024,1744245,132550,9763,7898,11443,63922,170654,105630,0,0,2637,15214,5903,5304,5217,4097,2051,15877,1811277,1261260,18549,97093,525728,39505,13703,27942,13916,5326,2215,510885,53989,18742,8240,51063,69272,22261,12323,37032,13283,80600,114576,72146,168907,379134,992,1052,1722,0,24024,5427,3561,491307,1974,36152,61307,1378,455065,11793,2465,0,0,0,12056,2675,4742,1415,7934,1139,5559,3219,14415,2347,11938,6133,3092,1095,1833,1558,7579,2972,9839,8117,41483,13065,67340,4191,0,6199,1273,959,0,3973,2213,9249,3061,2750,55569,10140,0,21574,227624,1202,0,1719,0,8851,0,46868,6957,2120,3398,5867,3233,15035,23946,0,15995,5507,6455,0,8819,14921,8698,13897,9770,13914,52936,19696,112447,5552,13587,167361,99209,1743,5150,2200,8015,11974,21221,321295,36292,11746,40539,127669,27076,130908,1281,1524,2015,1819,0,674
D13B14A,1143,14893,14100,0,0,0,0,3549,9708,0,0,0,0,0,4501,2947,3841,23604,20785,4872,2409,23787,64072,47546,174944,3230,7419,4484,293137,7467,14063,706,6884,22616,425384,78705,2158072,2838,6511,19938,1870,14618,6610,3818,4144,2742,21430,0,781,22321,605786,149137,0,1165,3346,16178,447737,0,0,3262,58808,497390,4870,5708,10047,13571,10982,352895,21763,2173,11214,12055,102757,11646,2963,2079006,2433,7943,33256,11661,18424,3242,20437,3461,6811,2516,66020,2021522,93541,3459,9581,10715,100091,36396,87456,0,0,5207,6660,5790,5840,3952,8333,1456,10336,1374310,611378,10571,30886,132256,37384,10654,16624,7857,4757,2114,44872,6246,44845,0,4462,3711,1071,2407,0,0,91091,132018,191788,237042,510011,6298,11174,0,0,0,8107,5563,941195,4212,54129,235133,2233,448350,66111,3098,0,0,0,12468,2347,10236,1815,8909,1687,15540,4287,15193,2657,5485,8023,3105,1801,2684,2424,10082,4193,15467,17605,93304,16614,99446,3611,0,9606,3735,3133,0,10235,5860,36956,2466,1323,239196,31360,3420,34214,288733,1780,658,1170,0,11145,0,54371,6093,2225,2259,4721,4055,9488,26610,3088,12369,3894,7600,0,8052,18805,6455,23830,18149,16227,116743,20912,132357,9563,9410,86958,54710,2865,3340,3414,20711,42493,45252,691439,86048,14846,48684,123342,17959,65290,2574,3125,4850,3529,0,2749
D13B16A,0,8421,6658,0,0,0,0,1202,8124,0,0,0,0,0,4076,3547,10567,77027,31149,5734,0,34703,104876,42439,130994,3366,7482,7546,330119,9930,8568,0,4258,25562,386667,82550,1776332,3695,3627,15546,2494,9338,5753,1662,2855,4612,35810,1947,7937,113333,1774038,707512,0,789,7380,27556,826974,24617,7662,3459,64714,583979,2245,14419,9837,13033,11619,374987,19018,0,10249,10527,109500,28656,2151,1403499,6690,2174,19835,3592,17319,0,60570,1389,9644,3402,130463,1642450,99317,2748,15891,16410,36353,116490,173417,2555,7142,6041,3745,4454,4612,6910,3621,715,13250,1108712,725441,38235,27795,114002,40084,11999,14420,3909,2624,2690,77966,12025,18049,1576,5957,8586,0,4526,1318,1022,85215,133871,75526,201692,656239,0,4513,458,3301,0,8372,6196,1002485,3847,68097,6954,0,431765,50171,1319,409,0,0,4324,1019,1587,1014,2333,1498,6309,1348,7800,1524,6474,8827,2215,3997,5043,7353,13458,4922,18747,23990,112183,17171,117161,3569,5961,34883,5982,6581,0,10957,4076,40782,1838,767,239962,13810,0,18556,137582,1627,578,636,0,10025,0,38823,4976,12368,10476,0,4285,8714,23691,0,9398,1796,4167,0,4646,18731,3329,27793,29351,8911,157895,24050,134834,3923,8061,56250,22561,1481,8778,0,37439,31426,32955,497768,35500,2575,28255,44845,5981,5446,3707,2940,3018,1992,383,13245
D13B24A,0,14569,17010,0,0,0,0,1699,10980,0,0,0,0,1429,4934,3128,1439,33789,31986,3417,1386,17456,87426,49945,337205,2649,7885,23539,437926,8413,8395,450,8847,12956,472747,70127,2079197,2920,4562,21958,5271,15742,14742,9178,8290,6472,23028,687,1182,2009,34472,20495,0,0,540,1813,30051,2782,0,4126,76647,1198326,6190,8604,12189,12775,5802,320838,27591,0,11015,13286,115500,10932,9834,1936424,3615,11246,22911,9837,28445,0,19188,1769,8027,2124,98476,1809203,102900,8345,9199,11931,111416,57125,107555,0,0,8080,10894,4895,6887,3692,7904,2082,14408,1908780,942044,23340,53588,320564,51456,13023,23969,8551,5332,2292,237263,77556,59391,7300,13276,26039,7059,7745,8490,1784,90487,135823,92446,214491,587361,0,1557,2245,0,31793,6747,3944,867230,2150,37103,93023,2233,479345,22521,3006,0,0,0,11656,2022,4158,0,6927,2509,9205,2936,10861,2574,4428,11825,9066,2423,2466,2069,15446,3336,3942,16252,90601,10496,47780,11588,0,7317,2642,2854,0,7766,0,27614,2155,0,159116,4689,0,28630,323976,1438,676,944,0,5012,0,44102,6261,2114,3227,1657,4396,5353,22628,1343,12191,2313,6650,0,0,15429,3648,18248,17133,4850,76226,24298,136739,2791,11456,129054,5417,3835,5408,0,14544,37122,43073,563353,9847,3371,57519,19445,31588,15253,2001,2290,3281,3167,0,0
D13B13A,575,16665,17064,0,0,0,0,1890,12773,0,0,0,0,0,4708,2528,3508,22259,21735,3286,0,21415,69160,35441,198648,1362,6017,10787,324415,1397,12658,402,3003,22815,731032,78282,2367788,1989,2974,24031,1937,6697,7800,4831,3839,7048,23581,501,1720,2451,67185,27317,0,0,0,2915,63142,1069,0,3242,78694,804135,6015,15713,12960,68315,6096,510270,27279,321,11679,15665,112037,47730,3919,1600741,8835,10801,16128,17019,26371,0,15562,2690,13147,2979,92099,1631388,148130,17848,11276,15237,211360,159388,133735,0,0,8450,7733,7765,5721,0,11471,1411,15233,1927083,1324347,28960,51675,281495,47174,22013,26300,8256,3260,2151,257953,25537,60679,3924,13127,32338,6325,10580,9243,0,96092,111027,157585,246844,599199,1977,0,2902,0,16398,5349,0,1007910,3224,62750,127613,517,341073,57392,2854,0,0,0,11122,0,10643,1669,2819,671,15558,3720,8190,2962,13845,9678,14759,2534,0,2758,18137,3204,3965,16025,91606,5956,125072,8539,0,10642,3760,4365,0,7048,0,28622,0,0,153888,4847,0,7000,248094,0,0,1304,0,4601,0,43961,4866,4941,4686,1694,3983,6608,24632,3692,12334,2961,8782,2281,2424,14024,4008,20086,16861,0,82473,22096,119520,1927,8539,87814,3311,4451,6959,1355,19130,38214,37327,510528,5169,1319,40250,8484,13892,3479,2125,2808,2526,3239,0,955
D13B26A,0,1345,1807,0,0,315,549,349,4956,0,1021,0,0,0,2687,2713,17624,25480,13982,4293,0,42928,64328,9482,96067,2648,5646,43529,291156,6843,4448,0,14356,22943,215733,103769,1852451,2030,3566,14180,624,462,5470,895,1930,2876,79188,763,5950,94562,1393559,102093,0,0,2837,51772,777022,14406,2446,2574,55802,308929,4185,12636,6807,20871,28344,350239,11691,2496,6669,9228,50843,5136,1706,1719272,5248,4591,22895,5524,11163,1835,99977,9211,23258,5454,379269,1279829,156453,0,10290,38979,277166,200372,656014,11349,19695,0,7098,8790,18874,5409,2103,1123,9802,1183660,1087496,50705,33676,106725,25547,37093,15917,3866,3443,2229,207149,66189,46576,3899,7245,10191,0,5358,1890,0,85162,72514,118360,278548,492310,2891,8246,648,0,17305,7130,7776,810617,0,33590,5750,0,244876,30996,2784,508,507,0,6569,0,6636,786,4064,1958,8799,1981,10658,1521,9854,9289,48325,6292,0,6686,9096,12083,73565,34369,207621,16755,97017,3681,0,13247,3592,7325,0,13553,0,58059,822,0,367602,4993,1135,16808,75175,845,0,454,0,0,0,20591,5607,10812,9914,1090,9473,3030,59093,550,13679,1067,6107,0,1474,22958,2071,69250,34248,3431,171545,16647,91185,1374,3681,23482,1076,3131,5518,686,45044,130223,43369,393547,2848,0,17091,2220,3266,678,2829,3676,2339,2546,0,5199
D14B23A,0,3143,3262,0,0,409,499,1077,9671,0,804,0,0,0,0,2546,8731,6884,17487,8174,2373,30521,111711,59633,148839,3510,3611,31373,470449,14685,21670,515,10640,31805,607010,156626,1987494,4584,10473,69241,9417,20881,5815,4225,6621,5229,35807,0,2263,6453,223088,62824,0,0,998,7668,228577,3804,0,4634,108134,780956,8645,20966,27483,23891,22865,736155,40109,5198,16964,18120,255094,15179,14175,1527990,13173,18329,34207,30012,64734,1338,13415,4039,10218,1573,95275,1758114,100228,5638,19692,13060,86072,148407,154817,11052,0,5684,4345,5324,14040,3486,15844,1091,12672,1329691,871544,15931,27275,137728,73813,30542,29612,10057,10020,1730,119481,66060,26346,2035,9133,1091,2263,4986,1948,5323,77924,131347,155521,344487,1244898,2744,1142,3762,3205,0,7676,5567,1271112,1224,68051,303284,6645,438799,65168,0,0,184,0,3398,605,2431,527,2536,751,2498,647,4244,637,2120,2591,1105,313,952,1485,3747,1396,2786,6332,32471,2249,12148,728,0,2756,2202,1098,0,2651,6626,15517,3031,1023,111285,47674,0,4721,87008,575,297,1105,0,3901,0,27559,2158,3515,3058,2642,1377,6505,6831,2993,2695,1463,2841,0,2937,4812,2725,7981,8825,11827,49134,9079,48692,3991,3283,26836,26523,0,1892,950,8106,25147,20374,276229,132460,10074,16634,84224,5984,23469,1135,2199,3807,2781,917,3209
D14B24A,158,4652,1453,0,0,0,0,537,5139,0,0,0,0,1327,4554,1497,7433,27706,17917,8201,0,32188,85790,84623,114882,504,7172,26326,248027,11556,11973,3024,6126,15928,484860,129084,1502729,730,5464,43289,2034,4090,8201,1956,3276,911,36328,806,6023,83115,1486742,633507,0,0,3581,25076,803035,5724,0,1470,66282,499207,6394,20163,21195,26018,23821,430500,26712,610,11352,12639,113204,20913,4484,1191237,5164,12641,20197,11540,43500,0,33024,6323,11842,2879,183048,1321158,85404,0,16764,19101,166060,119634,340681,9440,8216,5149,7339,9667,12514,4276,10614,3061,13838,1174796,1098223,51896,25445,206885,60335,33889,30401,4164,3079,1904,41238,6058,20681,1799,1193,1076,0,2913,533,0,128294,145649,111177,562529,1006944,2540,8168,8734,7807,9202,6167,4985,1104958,4834,75522,118995,6081,332695,39363,2330,0,376,0,6915,1622,4263,1139,2155,1437,4995,2043,12390,1590,2831,10751,6906,4181,2779,7565,11689,4443,29498,16934,108189,15819,97020,4429,0,12342,2858,5804,0,16748,1464,43396,457,0,264889,5107,0,6563,138701,1064,0,475,0,4799,0,29440,5941,12272,17628,967,2376,4058,14452,774,8932,1749,3977,0,1392,7532,1672,25123,17454,2552,102362,14754,93387,1958,4429,41750,1845,2139,3254,0,39820,111865,30223,470628,5057,471,25711,3647,6376,1735,2507,4771,4296,4556,0,15420
D14B14A,0,3958,5646,0,0,0,0,830,7370,0,0,0,1133,2022,5977,5740,8773,16034,22908,9808,0,45047,113605,102798,127301,700,7329,41890,357200,11025,7796,2371,7021,19660,409487,144253,1827041,3266,2102,31161,536,1530,8518,1869,2933,2807,34414,0,3348,82865,1479492,247997,0,0,872,39139,822963,1025,0,6267,93926,587975,2039,25205,16661,33267,27991,485473,5876,3259,9905,12229,105425,9832,9214,1401965,8747,10491,34388,8009,32542,2259,50308,6021,7616,3511,171013,1394384,88902,0,11337,16363,115229,61997,250455,6966,4264,7497,3225,7604,9878,4911,8416,364,13431,988633,641800,28200,22668,98983,54266,19852,17383,2563,2641,1867,42599,8467,44018,0,3895,3122,0,2583,0,0,106092,131179,89867,403903,924199,2852,8620,1221,5593,0,7604,6131,1231998,1060,64158,79916,217,340147,35652,2568,481,0,0,7288,1280,7165,974,4053,1862,10262,1838,10599,1218,7848,8350,19601,6598,2933,11414,8223,7616,51162,27246,182636,22675,138121,5963,0,20383,1793,9966,0,12409,1154,54748,506,0,326973,6187,1196,27557,132662,0,0,363,0,703,0,34429,5399,17714,22939,753,3046,1605,20658,683,11787,0,2399,0,0,13120,1272,43283,24701,2778,122429,20402,126290,0,9567,55986,1853,2366,3630,0,63695,169551,39789,418239,3597,483,24766,1726,5812,1624,3558,3502,2206,5087,0,11237
D14B13A,0,5490,2032,0,0,0,485,0,10498,0,0,0,0,0,5597,4062,9750,16512,19175,8874,0,40541,136727,70823,191298,555,6327,47650,610042,17426,17203,1535,6054,32912,676257,173536,2162096,3552,11079,66595,1906,6328,15249,4766,9104,7730,36477,887,2499,3948,53779,11997,0,0,0,2428,30121,1105,0,6272,141740,898465,8036,36529,32247,72739,37387,923725,44861,0,17208,17350,145761,32339,19071,1041521,14814,20023,37295,27801,74995,0,20595,4430,9209,3227,119731,1981025,85706,4997,16149,15580,156947,109223,99443,12697,0,7811,3913,8033,11249,3447,18147,154,13848,1079474,674495,20409,21895,83154,115843,29838,26532,3009,3816,1860,268081,34315,33377,3665,11161,19677,2804,17154,5713,0,97165,149780,126728,352393,1286913,1123,1552,732,4992,57961,3761,6169,1359447,1270,65354,159727,1320,418591,60634,2158,447,854,0,5276,0,3981,0,2172,703,2628,0,2181,642,3305,1691,4671,503,703,2556,7344,2169,12101,11868,67404,12293,62191,4132,0,1674,1905,1005,0,5689,0,29837,0,0,164615,3989,0,28528,151325,818,0,416,0,1412,0,36144,1173,3603,4350,0,1011,1312,6785,1063,3465,733,2660,0,995,5927,895,12165,12590,1306,55154,10502,62539,1423,4132,32834,1351,1454,2374,0,16838,47665,35614,366211,2913,395,27954,3029,10346,1780,1765,2508,2243,3930,0,1664