samples,CAR(12:1),CE(20:3),CE(20:4),DG(34:1),DG(36:2),DG(36:3),DG(36:4),DG(34:2),DG(34:3),DG(34:4),DG(36:5),DG(36:6),DGDG(32:0),DGDG(32:1),DGDG(34:0),DGDG(34:1),DGDG(34:2),DGDG(34:4),DGDG(34:5),DGDG(36:1),DGDG(36:2),DGDG(36:3),DGDG(36:4),DGDG(36:6),DGDG(38:2),DGDG(38:5),DGDG(38:6),DGDG(40:2),DGDG(42:2),DGDG(42:3),DGDG(44:2),GlcCER(40:1),GlcCER(34:3),GlcCER(36:3),GlcCER(38:3),GlcCER(40:3),GlcCER(42:3),LPC(16:0),LPC(18:0),LPC(18:1),LPC(18:2),LPC(18:3),LPC(20:1),LPC(16:1),LPE(18:2),LPE(18:3),MGDG(34:1),MGDG(34:2),MGDG(34:3),MGDG(34:4),MGDG(34:6),MGDG(36:3),MGDG(36:4),MGDG(36:6),MGDG(36:7),MGDG(38:1),MGDG(38:5),MGDG(38:6),PC(30:0),PC(32:0),PC(32:1),PC(32:2),PC(34:0),PC(34:1),PC(34:2),PC(34:4),PC(36:1),PC(36:2),PC(36:3),PC(36:4),PC(36:5),PC(38:2),PC(38:3),PC(38:4),PC(38:5),PC(40:6),PC(34:3),PC(36:6),PC(42:3),PC(44:2),PE(34:2),PE(34:1),PE(34:4),PE(36:2),PE(36:3),PE(36:5),PE(36:6),PE(38:7),PE(42:3),PE(44:2),PG(32:0),PG(32:1),PG(34:2),PG(34:3),PG(34:4),PG(34:5),PG(36:6),PG(36:7),PS(42:2),SQDG(32:1),SQDG(34:1),SQDG(34:3),SQDG(34:4),SQDG(36:3),SQDG(36:5),SQDG(38:6),SQDG(32:0),SQDG(36:4),TG(42:0),TG(44:1),TG(46:0),TG(46:1),TG(46:2),TG(48:0),TG(48:1),TG(48:2),TG(50:0),TG(50:2),TG(50:4),TG(50:5),TG(52:0),TG(52:3),TG(52:4),TG(52:5),TG(52:6),TG(54:3),TG(54:4),TG(54:5),TG(54:6),TG(54:8),TG(56:3),TG(56:5),TG(56:6),TG(56:7),TG(58:6),TG(46:3),TG(48:3),TG(48:5),TG(48:6),TG(40:1),TG(40:2),TG(50:3),TG(52:1),TG(52:2),TG(54:1),TG(54:2),TG(54:7),TG(54:9),TG(56:4),TG(56:8),TG(58:15)
D11B212C,66537,14040,0,0,2956,4961,45799,44148,27486,5311,69321,17281,169649,2532,6729,9221,266834,15448,2878,11170,29930,502650,91260,1204012,2084,5045,25053,2090,26363,2723,5596,0,15871,106903,106302,66367,11986,40910,4897,74953,2114214,491937,0,2661,3846,0,3981,80025,647044,19815,13812,54437,409462,1073875,7883,24633,13450,24732,0,35588,5780,12439,2610,182912,758657,14923,19091,418695,302592,20532,1109284,5239,15535,43359,36691,1156,1109815,222806,10178,9420,42883,52040,19455,930,1364,4165,0,1224,316,0,103793,72718,203571,540120,687375,7980,5267,2378,0,5801,7095,954154,2580,74467,231480,373,591026,56110,539,0,1964,1671,2070,1803,2219,1858,1820,373,2286,2237,1494,37211,317357,225931,92092,3078,30779,158860,659446,603129,0,6028,10580,5625,4849,35625,1963,3133,2648,0,31525,8856,1719,14037,0,1598,1277312,59213,1985,1411,10924
D11B18T,13128,39079,0,0,2370,4041,33222,26008,39118,4370,90722,43222,233038,2955,10905,14793,330988,26457,2285,5898,12893,651246,88404,1327862,2472,8515,41929,2556,29581,6233,9836,0,15707,89993,52399,53389,13603,27143,4366,61250,2079116,1028841,0,1594,1047,0,3686,85151,598719,21926,17140,21758,299088,417855,13491,20919,11199,21559,0,8576,2346,8575,1917,157367,867180,16609,14039,222174,183253,7445,1300577,6316,6033,16250,34968,1269,1325726,546949,10934,6873,31268,26032,24180,2750,0,6127,0,0,319,0,130577,140062,362389,333870,750864,7331,1145,1550,0,5995,6990,1070988,4688,87076,336759,1038,734943,54980,1259,0,5392,3809,2525,5806,5542,3483,8388,887,2114,1610,9104,28070,216872,418947,235933,4072,14453,60639,181986,646536,696,3062,6047,3425,19243,84578,1369,2067,1377,0,22506,13474,2523,8743,924,2372,584313,89588,1964,0,12508
D11B24C,2754,44424,0,0,4257,12512,12951,25591,48745,3967,85308,99659,150356,1588,9379,7752,302424,17565,1918,4046,25200,703442,52944,1469872,2989,1053,25016,2239,27026,6705,11422,0,15847,127255,89637,53110,12313,26278,8625,11562,503772,420294,0,1133,8693,6606,1992,38275,582564,8388,0,69815,117022,1719514,9973,15933,2600,9866,0,11613,1365,3445,2849,41177,1185024,11944,8823,150094,45586,0,738829,4484,4961,8136,16829,1057,1259888,535720,0,1768,116645,15776,25486,4420,19213,19852,10485,5949,3423,902,59346,58913,118480,153643,395286,0,2669,0,9871,5142,3714,497117,5303,74943,137008,3498,427133,19867,3146,0,13775,10735,9055,12775,27545,6581,11778,2692,2879,3404,12648,48802,182990,666671,828142,5196,27721,96853,271567,1834587,1478,8387,20591,5709,21392,88652,5324,0,2811,3511,38525,34388,5666,15699,2728,5430,835934,1214903,2544,2786,0
D11B16T,5461,52602,0,0,4627,0,17101,28882,38947,4131,102470,64916,188342,793,8745,8769,273307,19039,1919,4021,10964,649556,66572,1623690,2261,5287,26615,3651,25052,6731,7143,0,17672,125552,102593,64673,20846,25234,5430,49718,1854044,934370,0,2839,228,0,2715,50484,519564,11876,0,44260,180794,1694137,9240,21703,6644,10909,4153,8105,1985,659,2205,69290,1553458,10883,8885,135356,64264,6608,967957,4016,3007,6325,19688,892,1566826,423784,8835,2211,42560,7188,40736,2689,4413,7400,0,1736,545,0,105136,78422,273914,270209,490123,1432,2807,1353,0,6889,4828,1109831,3540,86870,210606,3377,642041,36553,1634,0,7359,3535,4375,8602,11555,5816,11000,1944,1434,1812,14802,31857,136453,395624,311198,6573,15167,45177,99108,525865,0,3474,5835,2228,34426,96247,2457,0,2922,1540,25378,19613,4266,12702,1168,1930,382819,35367,1638,0,0
D11B28T,10278,36707,0,0,0,3766,17850,25176,28231,3573,74900,63004,198559,3099,9864,2302,333018,27238,3201,2564,22754,511185,98227,1342460,2297,10460,44548,937,28974,5414,9130,0,14252,78848,91980,64388,15370,37990,7771,80428,2240336,1146085,0,0,2340,0,4289,78876,529191,19522,17891,20611,271203,375775,10997,28497,14724,22273,2345,14418,2226,8748,2081,162445,856872,14581,12349,172131,199314,14866,1288892,4180,6998,19436,34272,3074,1089202,436725,5187,7126,18223,7689,30010,1414,1750,2809,0,0,167,522,148064,125952,428252,393410,709903,9003,4377,0,0,6019,6803,913917,4284,70943,400127,5000,632957,57667,1580,0,3762,3629,3289,7323,7135,2490,10569,1729,2008,2681,14822,49898,303104,535357,227821,5350,27007,98267,304967,790162,738,3787,9158,5813,17863,83947,1981,2987,3945,0,29203,16242,3935,9723,1509,3193,757072,95271,2358,0,13814
D11B28C,51421,37632,0,0,3363,5619,26114,47380,34028,6890,96092,50608,190051,2783,13460,12912,299404,23958,0,3541,30143,611823,80957,1276606,3227,8318,35545,3530,39176,5297,10043,0,14901,98298,33069,74771,20651,39292,7236,102769,2143608,1095670,0,4142,1451,0,4647,66230,507477,17803,15418,19039,208356,320758,10130,30442,12136,22612,4928,24307,1090,5971,1977,122499,935027,11798,11950,179525,148548,6621,1037766,5103,5381,15794,26995,1012,1074970,357699,5723,4205,11627,5672,19974,1886,0,1937,0,0,313,0,136549,130590,326039,306136,623697,10550,4354,0,0,6030,6866,935706,4671,93365,7901,556,596265,46206,1105,0,5468,6618,7555,8218,11234,8506,10688,1553,3892,2928,12427,48522,364493,639467,251704,7355,36200,206889,479172,1181990,1053,4782,11141,7950,27757,82265,3420,3335,3967,0,32617,18282,3904,12023,1146,3496,993422,158557,3344,3125,18382
D11B28B,10719,14248,0,0,3878,3852,42175,47785,30395,5588,104953,29697,217103,1028,13428,17515,345953,17408,2213,7951,15396,512597,99421,1573323,3430,8073,27013,2032,26015,4296,7917,0,12670,126858,94299,46277,13550,28459,3816,88177,2153318,644268,2594,669,1546,0,4266,68942,521477,12295,12361,17070,256210,1704498,7377,20108,14165,21737,3409,30255,4063,5673,2089,101678,1343456,8530,11729,174785,143869,16549,924119,6094,7884,25429,27855,4910,1264473,234797,4118,5521,14175,1328,28193,0,2437,1087,0,824,385,361,110199,110255,292822,317626,612235,8989,1063,0,0,7821,6288,866432,3671,55220,186632,2888,473844,49861,1617,0,2841,1998,2306,5950,5195,3505,15184,3964,2264,2210,15610,43697,342159,321838,113189,5382,27618,152771,416658,584892,789,5148,8250,8050,12907,48625,1465,3250,3134,705,18609,8694,2222,9678,1719,2102,952276,37267,3002,0,3940
D11B26C,7850,35201,317,0,3850,6694,23490,44744,32095,4919,102413,49981,213575,2933,9488,12056,315310,25317,2468,4084,15840,642564,72534,1349247,3034,9901,41322,2974,28262,5449,6748,2181,15310,62717,87146,59737,14789,32463,5497,71603,2137862,1063589,0,2317,4708,0,3190,71454,561037,10392,0,57760,248091,426286,12696,25113,12654,22670,1800,7049,3578,7418,2544,133123,1014661,12856,12804,233064,156396,7948,1189596,6488,2948,15803,31850,612,1328041,432918,7261,4729,35311,6161,17988,0,2700,5833,1193,0,0,497,117388,134042,297724,309283,673443,5997,819,1304,0,1155,5730,1002802,5760,79561,348907,4115,523079,45165,1828,0,5115,4905,6513,6886,8818,7058,11064,4328,1693,2475,4617,35593,237948,596624,236599,3632,27155,127099,265532,760132,1320,5065,7951,4938,12430,87722,3068,2513,1460,0,32569,19049,3766,12455,0,2644,695787,67273,2738,0,0
D11B212B,7646,17539,0,0,6952,3264,49456,32788,30768,3593,68709,62318,112681,3587,10986,46675,304014,21765,591,0,44312,761152,139167,1366589,1180,16643,59226,910,11434,3016,3139,0,14410,63762,63999,45411,45814,40222,5198,27590,828172,103958,0,845,9361,2053,11363,103131,793558,34995,26802,116251,955748,1337277,10950,17206,34191,58719,707,35331,12154,15394,3377,597386,1041555,17730,65221,1309261,325588,26918,987144,6180,54365,70676,65015,1488,1333458,276550,3253,4777,429759,43904,40053,929,9477,52633,5145,10803,5216,694,127828,97327,323917,632895,942251,1983,9166,5428,58552,5190,7114,1019522,1061,74683,74739,4302,272940,34646,1653,0,3925,3431,3037,7598,5013,3965,7498,7809,4274,6147,5485,37904,167556,172802,37120,9439,26584,112304,167876,82397,527,4521,3594,3086,1503,40134,3034,15456,9998,0,15723,7121,2223,6914,1226,2571,234710,4915,2531,0,0
D11B210T,10799,26478,0,0,2757,1841,30341,30838,31107,5015,78149,37377,204224,2662,13362,12961,253544,17742,2686,5463,11702,495228,94879,1361162,2665,7195,33450,2251,23035,4143,6335,0,10553,81972,80012,51650,13089,32780,2554,74457,2218392,985765,1488,421,596,0,3504,60525,430262,18978,13124,24585,239748,1355338,8770,21911,11826,20807,2265,23422,2105,6843,1735,112656,1417078,11820,10160,183449,132003,10137,1187199,5478,5647,16489,30472,1546,1307457,358629,7140,5723,20670,4558,35677,1191,2035,454,0,1417,0,0,132769,123856,364905,387519,621053,9843,4582,2003,0,7722,6368,969896,3737,69951,287342,885,688549,53470,2530,0,9502,6528,7219,13465,12623,9147,9626,4684,2160,1830,8469,26708,202396,445492,151121,5205,21323,99522,259107,544353,1092,3306,5916,4349,15746,53145,2782,1707,2096,1380,24913,9702,2852,11069,2199,2686,689512,29379,1666,0,0
D11B16B,5288,48666,0,0,2382,2185,33125,28068,32425,5389,91721,45045,261666,2776,12896,14455,355447,19773,1764,4711,18176,568482,76491,1600169,147,6710,28021,1356,24435,5750,11880,0,12089,98238,66037,31332,12119,23451,2778,40833,1830830,607946,0,1075,505,0,3680,68449,614912,16565,12413,41144,222057,1705751,10269,19884,10157,19890,1993,15338,2690,4930,2359,80577,1310314,8668,8694,137535,106814,5592,901916,4599,5087,12752,25130,814,1412969,273813,4451,2945,28196,6775,24875,2114,2727,3214,0,1068,523,0,106663,114879,248900,288822,597864,1134,370,0,0,6167,5808,1068251,0,65715,237243,516,644897,40445,2361,0,5959,5776,2336,9277,8470,5421,14598,7934,2483,1636,16381,36071,291466,402957,138262,5247,22689,131909,342265,683529,576,3392,6054,2365,9295,65512,1763,2405,4529,0,19052,9262,2633,8220,1514,2727,897854,41875,2074,0,11370
D11B110B,18061,12234,0,0,5753,2940,48901,62388,27171,7089,147642,23411,261126,868,10025,47080,526853,17044,2929,9880,29529,482215,146267,1567075,657,6262,26231,4159,22581,3419,8405,0,16771,156564,134767,71533,19521,33963,2119,84250,1891933,216998,0,1544,12334,0,8908,117674,810829,12832,12443,39430,521669,1548290,1471,36303,14255,24112,2783,26273,8587,9176,2623,196015,1044834,10774,15665,246859,210892,14561,647764,5540,12418,31104,27643,633,1174557,143833,5472,6081,121497,16532,24665,2349,6474,7202,1618,4420,881,512,114957,68783,194393,494561,643979,481,3380,0,23697,9078,10197,1155513,2732,47986,149793,2880,634238,54592,2964,0,10523,7513,6607,9067,15682,10732,7487,4460,382,1797,13230,41454,312561,297929,60714,10821,30322,129423,325820,256853,1140,4238,5903,4665,4090,43392,4027,2750,2179,1707,38368,7289,3208,12830,2854,4841,644135,12388,3101,0,1434
D11B112T,17895,23434,0,0,5253,7528,47463,62300,30197,8946,137263,86589,228304,781,12831,19721,283586,20661,0,5575,17820,561138,94152,1556019,2500,7446,34197,1545,20350,3489,6181,0,15713,114773,115254,69263,17706,34824,3900,83998,1903607,250906,0,6491,1210,0,5038,75467,447321,20166,12344,29882,348352,1598950,7893,30063,13643,22929,0,8125,3740,8006,2213,115299,1151485,11597,12292,217169,146957,13006,707033,5772,8599,18103,25457,7539,1044272,138759,3457,5163,18435,5431,40325,0,0,2136,0,0,527,493,125256,105630,307720,476696,694607,16430,800,0,0,7826,9056,1133665,4707,87669,232962,787,700714,85747,2118,0,6066,5798,3522,7440,5975,5753,7519,6772,1669,2922,13860,57683,462253,305580,89387,8618,47107,261939,554178,513656,0,6479,8588,6106,8541,77103,2268,2271,3011,843,25785,11145,2872,10370,1668,2070,916550,22833,3241,663,8185
D11B14T,3550,39841,0,0,1439,3177,14219,10653,44315,2915,73665,61367,235983,1840,13102,9608,277197,17109,1694,2175,30627,867117,52336,1722463,2694,5080,25881,0,11793,8875,21603,0,15980,130955,65944,34059,15317,23808,2391,5229,195182,116221,0,0,1665,3304,5051,64489,1090572,10447,0,147777,153603,1457811,9358,22377,7332,14775,0,6136,2395,2649,4369,86230,1737041,8199,16279,320532,630489,0,1202239,6947,7550,4691,22034,0,1704267,829526,2737,2733,171545,19335,15485,7166,28097,34638,16891,8259,7865,0,60890,70107,91401,156317,427220,0,0,0,13957,5357,0,1041986,0,90511,91890,0,617883,13839,2311,0,7055,7229,3274,4666,10458,6875,11363,18589,2132,2998,13932,41169,168547,537625,473189,4911,23115,113473,126601,541761,2104,5448,12975,2054,7132,87632,3041,1738,5126,606,23568,39175,4138,16121,2914,5256,344922,56515,2310,0,0
D11B18C,14457,33198,0,0,2971,2155,48093,15445,43057,4970,99464,53700,209377,466,10468,16307,324575,31291,639,1441,25088,489448,93228,1228573,3139,10117,50902,1189,15647,4572,8566,0,13856,79558,55629,41561,14750,29844,3589,54603,1994654,759309,0,1497,7410,3456,4680,87822,597992,11117,12433,55053,328959,551066,15790,29024,11376,32129,1633,21414,4370,10492,2441,178428,1127759,14927,13802,289448,194410,8712,836654,8707,6755,21045,39146,1017,1209896,411557,2942,3007,81816,10579,24627,2417,3285,12811,2812,3396,271,0,123974,139654,312294,393722,841719,5597,3825,538,0,4580,6848,1080843,7969,97597,288209,5089,601417,61291,2607,0,4464,1751,1853,8893,4690,855,8801,12622,1694,2434,5014,48725,389171,600292,152782,6885,31234,158222,373779,780938,0,3763,5133,5369,6364,82198,1253,2253,6031,625,21328,11997,2711,8670,1906,3866,852030,30586,2592,0,3279
D11B14C,1954,67128,0,1252,2805,2935,16845,15690,44336,3951,92183,70419,302405,2201,14311,12379,365738,22474,2025,3182,23316,735667,68482,1630530,0,2530,30932,0,19611,10209,15301,0,15915,128321,78297,45552,16032,20509,2571,24691,791296,538163,0,936,935,0,5046,69703,956956,10910,0,71310,155166,1750535,11768,21123,6761,15001,0,15076,1769,1644,3720,64382,1450332,8006,7145,96584,174098,0,716306,4790,3459,6964,20861,656,1556867,392226,0,2170,64604,9930,17911,4927,5821,11678,4991,3226,1345,0,108833,113225,164786,219171,579054,0,2276,0,0,6424,6656,1293792,1349,87665,8268,3662,876463,20850,2151,0,7815,8143,4775,11388,10734,6725,11235,14032,2773,3388,6262,25991,200852,620285,444672,6678,14820,89767,92988,846664,1283,4792,9387,2881,14737,82586,2953,1393,4145,0,21454,28278,4285,13032,2176,3856,478660,77570,2417,0,0
D11B112B,26370,6456,0,4231,6921,12557,103332,65698,22047,2279,126474,9548,147612,3373,5895,92143,608180,7818,0,21102,40941,191904,154640,1948109,4583,4039,8448,2107,12614,1331,14002,0,22745,183593,129490,57486,16654,83833,4453,228146,943877,46526,0,558,6763,0,21326,119879,420116,15770,5926,87020,573788,1723276,0,34164,5451,7519,4075,176562,19573,19154,5700,935449,937428,5407,53094,438797,889335,57106,607966,7331,27529,34051,9172,1170,1070474,81664,3165,4488,236972,22880,55214,2804,6947,5945,0,2549,1407,0,102325,14071,198748,407309,98181,0,3609,0,15591,9601,17420,689794,0,23521,54751,0,338414,30846,1918,0,4279,8803,2173,13476,15211,7884,11201,23125,4282,2231,11429,135069,537210,223126,27245,14573,58901,364425,640912,138023,0,5833,4097,2879,486,31448,2378,1751,1186,830,56512,11067,4662,18847,2865,4711,576306,4209,4625,0,6318
D11B26T,10711,66432,0,0,3646,2973,24091,17490,34649,4591,85427,57928,202131,2712,11272,9440,257311,16535,1507,0,19674,478048,66732,1761327,620,3044,25878,1571,15377,5452,10696,0,14974,84758,58064,44837,14794,27608,5737,64642,2060854,740691,0,1904,290,0,3224,51064,416257,13291,0,32263,196215,1771076,8224,22869,7086,12765,2484,13599,2395,1365,2421,84836,1508160,8817,9789,159010,133877,6622,907950,5704,2653,5803,19985,872,1544517,329916,0,2164,26825,4201,53682,0,1054,399,0,0,0,0,117876,91527,289982,237545,413129,2048,3222,0,0,6262,5196,1038244,3266,58985,27493,758,585036,36481,3143,0,8545,8364,4248,13017,13598,8628,10907,23019,3238,2351,12019,42204,302721,692517,290390,6159,22101,115319,176653,578634,1420,6319,7753,4194,7024,78995,1975,2478,5588,567,27410,20997,2885,14169,3096,4663,556902,32710,2897,0,15785
D11B18B,22038,18793,0,0,2598,1823,44588,19137,31225,3773,94644,25797,257436,659,13189,17756,398042,18878,794,2970,23169,573537,99616,1524777,993,7533,29754,1414,12479,4380,9909,0,10550,94072,55645,32665,12784,23280,3872,61399,2219518,685734,0,1855,9360,4730,4435,75479,555974,20813,12741,40670,296677,1519683,10337,23071,12414,23344,1256,9290,4929,6918,1889,121809,1232335,10517,12708,207590,166414,19618,1137434,6706,6449,22815,29916,266,1354643,299399,2681,2982,92467,7015,46570,1811,3823,9980,1864,3900,1051,0,96911,99664,294436,303364,673267,4973,2424,0,0,6687,7608,1115115,3789,65830,11915,309,615439,58287,1858,0,5154,4204,2070,8297,6183,4524,7214,8719,1759,1491,8378,33027,221835,317939,95209,5570,21588,103768,288028,499619,0,3378,3464,4904,1424,45961,909,1534,5292,0,14705,6045,1854,7369,1795,3277,777543,21910,2156,0,4501
D11B210B,18223,12814,0,0,7585,2920,90839,52895,34785,6555,111635,18936,202240,3251,11114,51978,514454,12794,2622,9647,35208,467231,147944,1757430,1023,6071,20355,1866,14693,2732,7415,0,18637,143459,105899,58953,20013,43474,1872,97459,1988699,142416,0,535,14025,0,8694,109019,761239,22929,10462,68787,491729,1319765,1543,33114,11085,21438,3933,57049,8777,11367,3746,235778,1223556,11652,22152,373683,108519,21570,774125,9086,16046,37618,26571,217,1096738,131505,3336,4581,144606,33211,21890,2645,6714,8451,0,4306,1445,445,135363,65197,223046,582181,589450,726,1713,0,29136,9539,11637,1115843,2997,56703,82991,2374,534930,53134,2290,0,6226,2576,3374,10314,8633,5919,8246,10068,3744,2868,9433,52363,328236,234505,38758,6730,29472,160861,435023,215146,0,3902,3831,3847,1143,35835,2702,3890,2653,687,22570,7307,2979,9846,1815,3023,656436,7815,2369,294,2154
D11B212T,61250,16594,0,0,1250,1784,51399,28207,31344,6434,75744,32949,169785,3342,9741,18654,231036,17254,0,1132,21680,437356,92996,1395722,1642,6584,28541,1519,11065,2774,7229,0,12711,91604,81078,43625,15102,35517,2538,61519,1930456,424431,0,3252,0,0,4648,69477,404689,17064,13296,28072,367400,1178260,7344,24269,15318,22466,0,25815,5557,10976,2236,186166,1400739,13798,17337,406915,280847,21444,1267379,6505,12445,31484,36337,1087,1260135,280471,3733,3529,22702,3960,27376,0,0,838,0,2100,0,501,120659,97121,275185,510020,706945,10356,5728,2230,0,5656,5878,912262,2836,52736,11861,2655,487417,62832,2490,0,5532,6099,3913,9227,8614,5913,7123,7619,2722,1829,8212,53996,346036,398460,89302,9024,48910,316756,631338,558924,0,5031,5464,7325,2817,44834,1673,2401,3002,0,16440,6603,2313,7686,1781,2442,1067184,19670,3457,0,5617
D11B110C,26847,25639,476,1215,5533,4110,63023,24706,41470,5330,114835,37458,216671,3220,16262,17785,305566,23422,2564,4109,28707,743531,89815,1247286,2711,8401,36019,1168,10249,3937,9841,0,13133,81695,0,43551,16054,33337,5097,62940,2060837,636092,1590,130,844,0,5086,85351,543268,23520,15714,69851,357016,980835,11496,24493,14320,28239,2170,22885,4761,11966,2592,162372,803541,15140,18967,508070,200309,21242,734198,9213,11795,27931,37323,619,1166092,303166,2064,3442,31640,5717,36004,1750,2096,4192,0,1794,0,0,126256,126447,305677,397057,779083,7065,3921,1727,0,5413,7281,1079498,5969,106354,217358,4035,622324,65857,1876,0,4421,3275,2555,8082,5401,1741,6744,18013,2809,2855,7843,50914,356434,508106,105266,9846,42400,200872,498940,775062,0,4416,4344,7311,1382,61753,829,2832,2280,528,22010,8183,1645,11101,2066,4321,761617,25785,3372,0,12663
D11B112C,42731,23721,0,0,6880,3444,58517,17567,27266,7991,118561,41718,195860,320,14105,23313,260076,17667,2628,2607,25172,399235,83899,1245532,1110,6708,27950,728,9153,2900,8764,0,13850,93517,71908,51892,17477,38643,6730,91109,2063225,514317,0,3892,872,0,5762,94850,565222,19920,14154,34815,434000,1432531,8034,31935,15686,26464,2642,28398,5123,9773,2464,172304,802198,13208,20534,534109,154810,21252,962876,8679,14448,37940,33093,1173,961227,174384,2213,3803,23273,1511,37183,1378,2651,2674,0,1407,0,0,119875,89927,261917,506689,718375,8676,5362,0,0,5393,7362,993478,3644,81208,165570,941,563930,64034,2336,0,5968,6731,2648,9839,10191,7251,6708,16832,4138,3528,6789,85921,500201,479348,79219,13206,78233,410799,704913,547545,0,7175,4421,10592,934,58886,1911,4649,3248,490,24905,8491,2230,12697,2043,3348,778981,15469,5183,0,8092
D11B210C,9085,29660,0,0,4693,1866,47144,17916,43575,6409,117738,48318,226447,3378,15495,16218,263830,19020,2241,2036,18952,516402,81309,1463888,3176,6657,25739,902,16514,3668,8118,1958,14615,93309,66937,49277,20552,34451,6895,107509,2558624,922069,0,7552,4352,0,3963,56164,378617,20963,11189,42174,190386,455381,6485,27695,9373,17537,2794,35801,3404,5679,1515,84465,1481273,11202,9062,164828,78092,5032,709868,6361,4514,14925,20889,1634,977795,185417,2183,2425,25249,390072,25789,14414,4184,3209,0,2121,271,0,138666,109488,302344,358644,588655,8175,372,1955,0,8197,7503,1161890,5616,85311,14060,3280,705949,61700,2803,678,6611,1769,3075,10537,7503,5099,7334,13979,2790,2340,7491,48005,353068,485150,113192,9099,35471,220414,460939,895047,0,5512,5445,8094,1467,57442,1629,3086,2912,0,22057,8554,3725,10938,2361,4227,897158,35161,3171,412,10120
D11B16C,7178,56746,0,905,2972,0,30443,19050,42850,3859,103417,45953,265208,808,14372,10943,278678,23045,1728,2005,20413,655195,64652,1320981,3542,5860,33966,1323,19162,6077,12032,0,14022,97562,71510,34552,12718,24227,4698,53717,2085162,1041316,0,1194,14714,7866,3342,78555,714486,8512,0,60092,235286,1535474,15007,20007,9527,20073,0,14021,2923,6409,2892,112315,851081,13771,10621,217712,126289,7850,1157022,7376,3530,13356,29443,494,1307125,460700,3510,2852,129642,10620,46656,2669,6761,25703,6056,3275,1260,0,139296,142713,267684,344115,696286,1543,469,0,8238,5739,5089,1084951,6654,81407,165415,796,660811,32852,2120,0,4509,1613,2482,7386,5917,4000,5770,8119,2596,2325,6054,17513,200429,424490,186477,6072,17209,77648,131946,571222,0,3140,5082,2979,16303,70647,1077,2297,5207,0,13834,13150,2788,10114,1906,3301,475389,34761,1362,0,2572
D11B110T,168381,45259,0,999,3610,3096,35569,21319,35139,7991,102021,102139,221665,2833,12012,12184,229580,19446,0,1794,16101,423014,70606,1635175,1847,6050,27808,1348,12112,3837,9448,0,12621,105737,80239,46161,17598,36713,2416,73765,1882217,410870,0,1299,2212,0,6284,71585,486404,18287,13671,24545,288540,972753,9085,27619,10182,20769,5128,17593,3823,5846,3707,113858,1270434,9575,9667,162778,77798,7161,769714,5663,5311,13135,23797,7030,1261796,194674,0,3087,19592,3063,38284,0,0,2344,785,0,0,0,132438,137089,292584,376287,595814,17140,3959,0,0,6079,6897,930189,0,62542,22106,0,657610,50623,2075,0,7643,8025,4058,4227,8849,6929,8314,17824,3858,3090,7659,73617,561238,753302,165856,10485,50944,274542,484205,855521,961,6422,8636,8070,6606,96138,2202,2937,8390,0,31312,16468,4625,12746,2701,4461,1040883,32114,3650,537,17992
D11B26B,20572,39971,774,680,2555,0,30471,16773,35608,5005,84857,70245,218367,789,13419,12505,291477,17740,2083,1880,21131,464069,68349,1666390,1382,7334,29161,1536,18961,5121,8274,0,10935,85730,50362,37937,13203,26208,3993,48109,1874540,631362,0,85,1090,0,5121,65508,619703,15633,12297,38718,178578,1780440,6936,23570,12163,19886,3318,14231,2994,4542,2578,69405,1408626,7328,7320,141580,106735,6093,754466,5802,4176,11270,22512,3763,1419185,304509,2618,2635,14179,2529,14076,0,1999,1821,0,0,0,0,87256,92580,244713,238947,492566,8342,288,0,0,5970,7056,959760,3383,55363,5734,3276,513143,34435,3067,0,8564,10404,3304,12313,15514,9708,8041,3244,1240,3227,6988,46644,345574,626748,236401,7400,28544,133097,303086,920748,0,4326,7125,6747,5061,64559,3408,2250,7142,0,30534,14477,4293,13769,2946,4585,907961,56023,2616,0,11439
D11B14B,3470,51299,0,0,2585,1731,14971,0,27147,2973,56647,37227,196160,2253,10124,9152,256695,14384,1196,1106,13953,546226,51237,2575930,2627,4568,20151,1407,13778,8075,8374,0,11466,87228,0,26869,10411,23173,1210,7585,311475,141907,0,0,1026,0,3570,41733,502830,9270,0,36446,112033,2726846,8441,14195,2513,11953,0,14542,2189,5177,3993,64479,2173153,2550,9357,115492,151513,0,1034003,5301,1946,7731,20665,3457,2309052,522138,3261,2533,83861,11958,53613,0,5184,10972,0,3735,0,890,72856,89057,138632,194437,449263,3557,0,0,0,6289,0,917297,3612,55375,49143,2867,525965,19133,3436,0,11048,12055,7344,14919,18648,11568,9843,12570,2671,1610,10040,27388,135942,353355,232635,2335,14102,55037,100261,560775,865,2901,3504,2521,5331,46179,2863,1504,7824,1390,24286,14565,5853,13674,3879,4072,473969,46476,1892,0,1054
D12B28A,9446,22547,0,0,3027,5480,39022,54158,27533,8567,98008,63157,183337,3165,9238,7075,285036,32081,3985,7470,25084,587448,113145,1281940,2202,9109,44818,1042,30677,3432,4833,0,16587,103316,102057,63061,17393,35249,5700,73864,2022080,507783,1684,432,2191,0,4283,81099,578792,28247,18782,28901,379935,529570,11432,31887,17665,33386,0,18161,2181,7527,2130,114400,844663,15862,9836,196581,172414,18274,850382,2984,8611,21695,30616,2030,1047705,183840,7425,6574,22081,6217,17852,1639,3505,2779,976,1491,294,0,117683,121941,273232,415359,856077,8740,4317,2796,0,7694,8606,1101026,5744,90762,9936,5506,651874,81226,1237,0,4179,3246,6120,5358,8652,7428,3883,1556,3638,1856,4161,60337,483515,422308,180410,9831,48553,269439,719023,899265,1286,7743,12745,6935,10127,51102,3760,0,3302,5127,46178,16808,4018,24906,1041,4125,1369073,120208,3313,3461,9405
D12B210A,36978,21080,345,0,4022,4451,71981,46462,24869,9658,114197,50707,176531,3875,10918,4144,231882,20149,3063,8767,23615,505278,110379,1350523,2267,6427,33428,860,20980,2511,4702,0,17326,105645,53621,77661,14592,42824,8298,143755,2139555,266163,0,4527,2407,0,3470,60051,455515,18495,14687,38471,376106,441263,8619,31526,14042,27794,2076,23720,4698,9664,2151,192709,1047770,15414,19353,253658,359618,23388,896394,3826,14242,30034,30007,1729,971659,164975,3849,6444,35639,9347,25762,1758,3989,2079,652,0,286,0,133755,109323,219433,594810,780699,11197,7698,452,0,7508,7530,1099406,4209,87404,258323,4566,666955,74674,780,0,4765,2154,2193,7393,4960,3488,4922,1230,2749,2392,6834,81152,393266,307703,70052,17904,108301,431876,930739,553107,1303,11011,15958,7758,7707,44146,1859,2998,1317,1173,20983,8392,2927,16637,814,3128,1147413,48938,5230,889,39879
D12B112A,111502,3676,0,0,3602,5297,56174,52581,16518,2742,71083,8837,184511,3425,7850,69191,403697,7207,0,12125,41417,286525,123027,1638497,2029,3835,11612,2058,9961,780,8409,0,19856,173972,71892,63748,13353,119334,8829,261756,1814602,81748,0,1756,528,0,10266,67466,327286,15170,1312,67056,361369,1548974,3316,24476,3493,7840,2741,65652,9845,20724,4514,634372,1136300,6067,48042,515546,817341,43557,1167641,9478,29949,44455,15881,2003,1160954,128918,1910,10671,83181,10849,32587,0,4957,0,1066,2857,1273,1861,115176,32582,140891,521639,237644,7380,5926,0,0,8668,10755,685867,0,38528,86343,0,512654,31897,1321,0,4365,3138,2701,4879,5522,2119,5800,809,3887,1706,5537,43751,210259,116981,21758,11025,74209,381235,760183,255032,0,6779,7850,3044,1840,26565,2252,1848,1628,1923,18248,6495,2908,10322,997,2388,773065,11564,3073,0,19572
D12B18A,11614,27114,530,0,3267,5085,40091,50546,28843,8404,83090,52273,178971,3195,9510,5851,269873,31473,3561,8612,27003,592204,101812,1287471,1941,10003,40363,1147,27756,3338,5589,0,15642,98158,99134,77089,15959,39072,5244,81463,2120831,601594,0,3123,1712,0,3743,80051,504222,27279,17377,28717,360568,416801,10869,28189,16797,29290,2115,21482,1961,8455,2192,139605,1002578,15948,13820,245241,202029,17578,986446,5447,9483,24783,33973,2079,1142163,225814,9580,8263,15309,7017,15525,1439,1993,2112,0,0,287,581,151279,138045,325961,466642,819847,11401,6060,0,0,4942,6744,895879,5065,92515,464969,4720,600541,76223,1309,0,5912,4085,3578,8593,7361,4158,9081,1295,1303,2751,14962,53930,399017,434894,137591,6520,37611,160300,541397,809414,1082,4810,9544,7646,9517,64171,2627,4246,4346,2559,30036,11415,3308,15608,1284,1253,1023444,72909,2606,916,14930
D12B23A,8129,24804,0,0,6568,7006,27439,24209,39623,3018,91720,47470,165191,1817,9711,7498,224589,15745,1583,3743,26170,779381,52380,1997213,0,1858,26507,2754,26006,6093,12910,0,18082,121603,97418,51125,20312,41715,9382,18311,523204,195776,0,975,7415,4740,2703,60482,794987,12472,0,92015,199457,1933262,10149,14785,3263,16628,0,14422,2724,6715,4486,72940,1920127,12720,14559,283938,77954,0,1044648,6922,5028,6704,24665,5323,1897472,493889,0,3486,193491,75121,37760,12213,30780,28241,8470,7455,7153,0,91325,106383,133337,237921,552203,0,0,0,11663,5547,4265,188232,4081,84639,146443,2329,428309,22052,2501,0,7828,4880,2248,9387,11636,3340,20856,5851,4056,3014,17322,45762,168789,481408,319739,5754,30395,94387,160881,770067,2107,4909,9782,2676,10375,77633,3961,2441,2994,1767,39072,23446,6025,19581,2129,6544,681443,54676,3473,0,3384
D12B110A,57268,15526,0,0,3559,961,54835,38618,24652,9050,79854,33235,164354,2563,10134,18032,199092,16398,2872,3336,19321,406787,86752,1403419,1870,5007,26364,1798,14874,2193,4161,0,11632,54376,83129,58487,12460,42074,6582,103576,2296605,439240,0,526,1663,0,1310,62573,400241,15361,14057,31965,360348,1167238,7641,27196,13663,24348,1957,23144,5334,9910,1859,192423,1132632,13490,17290,354628,357819,23152,1096538,5021,13724,33923,31792,4629,1127496,214939,3615,7062,19953,3937,11340,1349,3445,2498,600,0,231,0,116264,96447,215894,485533,667014,9476,5557,2671,0,5833,6005,857699,0,57550,5875,257,476115,56207,853,0,3121,4070,3176,8108,3188,3590,11668,3939,2908,2984,8996,59776,344964,308887,68746,16151,96762,582435,917212,567745,1259,11093,13009,9252,5477,47645,1800,2227,2734,0,21536,8412,3572,9463,1329,3364,1177127,22468,5035,755,20224
D12B212A,80107,2588,0,0,5989,4094,85624,46062,18160,2585,88042,9974,249429,0,11037,87030,553461,7790,0,35245,32800,197279,123539,0,943,3134,8104,2158,10524,1033,7183,0,26177,251044,200531,80561,17049,216734,19787,204685,484200,21799,0,0,4956,0,14423,96293,294537,11450,1436,78618,368777,2934147,3164,30958,3241,4975,2908,93963,10392,16884,7786,864736,1607758,0,69361,486063,948262,56473,838491,9000,23407,41765,5261,5669,1216572,108447,1471,7774,208935,105061,38476,4853,0,5356,0,3406,0,0,162047,24791,143474,398298,127511,6260,0,1695,19845,12862,13052,682673,0,34596,58346,1023,667384,25557,0,824,7358,4210,3884,9459,5568,6715,15530,5972,2971,1730,23924,58679,311053,104379,19344,18676,92647,483656,630401,143215,0,7854,5501,2956,1194,27088,2830,2125,1810,1449,23643,9000,3974,15782,2741,3910,497786,6484,4067,0,5224
D12B14A,0,31577,0,0,2932,0,18699,21554,28536,2899,67725,40166,185613,0,7910,6225,191319,9749,0,2918,10138,601899,43706,2198223,0,3641,19703,0,14640,4535,10341,0,12417,41938,67090,32601,10375,26289,2347,1613,226980,62302,0,0,478,0,2416,61303,917896,16357,0,77202,237715,2307639,9353,12254,8998,18407,0,14302,3257,7329,2681,88875,2248450,9243,13910,278321,117459,9142,1504440,6927,5518,3130,27575,868,2143610,664376,0,2072,170327,21295,58683,5473,15329,26135,7879,4026,6981,0,77390,86592,129490,246810,539696,0,0,0,0,5059,0,545006,2533,50429,76344,2092,312521,21071,3320,0,9480,10424,6627,14879,18145,4403,12128,9658,3888,2755,20193,26662,201688,273649,242867,8314,24037,56021,137764,479453,0,3934,5412,3218,4326,53364,4716,1996,5624,977,37009,22511,5213,18245,3314,3410,569731,43561,2589,0,0
D12B24A,9249,22723,0,0,4907,7709,29123,33564,37723,4929,114701,78259,159348,686,10026,7564,221024,17869,0,0,17193,700764,58889,1726200,0,4046,22584,0,16082,5826,11156,0,15877,134143,92047,40049,11135,30242,9406,37301,1561142,598638,0,244,7843,467,2448,44906,509084,13314,0,65248,146851,1838601,8990,17492,6099,10673,0,14504,1991,202,2809,65222,1652242,8781,12092,225685,75555,0,855537,6096,3746,4771,14747,1317,1567937,455800,7170,2627,85689,171140,18927,20932,24872,12527,4904,1877,2124,0,102935,91993,161915,232019,414144,4083,2700,0,8742,6690,4356,911501,3740,91139,126975,3035,542086,26018,2084,0,6368,7173,4349,7264,7161,8583,10069,5596,5002,3314,13286,29814,168103,348464,305313,11405,41852,133380,193094,746124,0,6284,22227,4378,13498,92323,4318,0,3977,672,25409,21723,5151,8714,2739,6869,663889,65801,3322,0,0
D12B16A,4374,41557,0,714,4007,1181,25695,26849,31733,6977,112890,55961,214857,0,12165,14292,293182,26975,2736,2396,17723,536383,86781,1376591,1273,7630,40213,1922,16104,5626,11831,0,17568,92504,86884,60912,27360,28524,6078,92976,2348663,1142478,0,3523,5938,2639,4532,70371,521747,19311,15235,40224,227691,1605434,10121,31825,10892,19167,0,16945,2578,4201,2551,73969,1421499,11000,7804,122427,85449,5624,777187,5632,2744,6505,23772,3100,1130130,241937,2540,2739,33577,7681,16133,0,0,6071,0,2389,443,0,120905,133597,326160,308304,670676,6697,1237,2072,0,6066,6934,1181876,4600,83009,231682,4491,731752,45581,2435,0,6105,6092,1730,9940,9176,5584,8760,15140,1734,2255,6434,41419,226750,434374,140804,7505,18379,79525,179733,521457,824,3397,4427,4256,4973,72733,2127,3364,5172,721,18979,13487,4187,12086,2130,4238,468700,26743,1784,0,12321
D12B13A,8777,50715,1304,1158,862,0,32354,16215,43560,6114,109948,48901,242670,2540,13396,9476,252904,21933,2114,0,24032,701351,65963,1438763,2815,5154,31101,0,16200,7073,14973,0,16807,104865,64443,40601,14748,37991,6510,39127,1594215,627849,0,1103,4251,2599,4159,70306,715377,15200,0,69287,196497,1091489,11933,24404,6350,15361,0,21090,1442,6732,3642,115176,1421008,12378,11194,262678,259850,8053,1176427,7448,2698,11722,26790,4882,1425033,472444,3444,2654,60812,5111,28078,0,3861,8618,0,0,786,0,138108,146219,203540,324932,640214,2731,964,0,0,4973,4424,1050503,266,85414,152037,3611,580432,27645,2725,0,7300,7478,4506,5396,5632,9072,8229,13828,2063,2719,4257,44227,270813,539305,225624,9001,23567,99972,162630,654008,1363,3532,5257,3568,9476,82019,2475,0,7799,0,24418,19817,5102,15672,2646,5183,558402,37519,1980,0,4850
D12B26A,36167,47743,944,1296,3083,631,33677,10769,32519,6978,94640,41334,207868,2989,10413,13323,267495,22219,2010,0,17760,514017,74129,1500002,3078,7835,33423,810,8869,5600,11368,0,16000,84018,57231,48679,15392,33509,3556,77649,2477385,843102,0,2816,2638,1913,4096,70616,469239,9858,13677,39371,225020,1594244,10382,24590,9573,20759,2130,19608,3441,5005,2230,106245,1362234,11535,9227,157066,105196,6223,1047838,7108,3394,12884,27554,813,1384493,332496,0,2969,22005,3755,52288,1914,0,3847,0,0,245,0,118425,148123,277599,273298,659548,7952,770,0,0,6356,5566,1167760,7448,68661,169603,515,630334,46253,2472,880,7263,7624,4424,11819,11392,7818,7975,20441,1954,2295,7580,41297,252356,475648,35122,7161,20073,77418,165196,468434,0,3164,3680,4592,3129,69886,2307,3233,8313,489,28871,14167,4896,13227,2712,4726,447051,26081,2356,0,14567
D13B23A,1413,42097,0,0,2676,2380,18932,25742,37213,2050,72015,30154,341168,808,2964,6297,552205,7701,1294,9023,33175,611373,56746,2068915,4955,1365,17789,1870,31759,11005,14033,0,23811,167727,52859,62992,16583,28794,2760,2593,37608,15629,0,0,3327,2712,3339,83178,1497149,13730,6526,81065,317213,1947379,9943,18494,8351,24623,0,29256,4284,10067,2394,111024,1902435,7898,11443,234576,105630,2637,1295023,5903,5304,18920,32039,2051,1811277,662326,13916,5326,510885,53989,18742,8240,51063,69272,22261,12323,37032,13283,80600,114576,72146,168907,380126,1052,1722,0,24024,5427,3561,491307,1974,36152,61307,1378,455065,11793,2465,0,12056,7417,9349,6698,17634,14285,6133,3092,2928,1558,7579,35406,126220,218100,284348,6199,12447,30134,80769,429152,1202,1524,3734,1819,8851,46868,6957,2120,3398,5867,45447,21502,6455,23740,1743,5150,378808,157984,1281,0,674
D13B16A,39051,15079,0,0,4076,3547,45270,77027,31149,5734,104876,42439,130994,3366,7482,7546,330119,18498,0,4258,25562,386667,82550,1776332,3695,3627,15546,2494,15091,1662,7467,0,24630,166098,126716,63659,13382,35810,7937,140889,2601012,707512,0,7380,24617,7662,3459,64714,583979,16664,9837,24652,374987,1590290,2174,19835,3592,17319,0,60570,1389,9644,3402,130463,1757765,15891,16410,152843,173417,15738,767421,4454,4612,18909,18041,715,1108712,181881,3909,2624,77966,12025,18049,1576,5957,8586,0,4526,1318,1022,85215,133871,75526,201692,656239,4513,458,3301,0,8372,6196,1002485,3847,68097,6954,0,431765,50171,1319,0,4324,2606,3347,7807,9148,7998,8827,2215,9040,7353,13458,54791,332330,297139,90441,40844,50002,77885,297159,231813,1627,3518,3654,1992,10025,38823,4976,12368,10476,0,40975,11194,4167,23377,1481,8778,566223,11427,3707,383,13245
D13B24A,1131,31579,0,1429,4934,4514,18895,33789,31986,3417,87426,49945,337205,2649,7885,23539,437926,16808,450,8847,12956,472747,70127,2079197,2920,4562,21958,5271,30484,9178,14762,0,19470,158257,122584,62067,22470,23028,1182,3822,64523,20495,0,540,2782,0,4126,76647,1198326,14794,12189,18577,320838,2128197,11246,22911,9837,28445,0,19188,1769,8027,2124,98476,1934856,9199,11931,168541,107555,8080,976278,4895,6887,16715,31873,2082,1908780,425608,8551,5332,237263,77556,59391,7300,13276,26039,7059,7745,8490,1784,90487,135823,92446,214491,587361,1557,2245,0,31793,6747,3944,867230,2150,37103,93023,2233,479345,22521,3006,0,11656,6180,6927,11714,13797,7002,11825,9066,4889,2069,15446,29174,205062,222104,157515,7317,20040,82010,193574,432941,1438,2966,4225,3167,5012,44102,6261,2114,3227,1657,36773,15847,6650,15429,3835,5408,616273,46841,2001,0,0
D13B13A,1502,34304,0,0,4708,2528,24923,22259,21735,3286,69160,35441,198648,1362,6017,10787,324415,14055,402,3003,22815,731032,78282,2367788,1989,2974,24031,1937,14497,4831,10887,0,17477,99785,66515,34067,15437,23581,1720,5366,130327,27317,0,0,1069,0,3242,78694,804135,21728,12960,74411,510270,1828206,10801,16128,17019,26371,0,15562,2690,13147,2979,92099,1812599,11276,15237,370748,133735,8450,1361040,7765,5721,22013,37771,1411,1927083,380344,8256,3260,257953,25537,60679,3924,13127,32338,6325,10580,9243,0,96092,111027,157585,246844,601176,0,2902,0,16398,5349,0,1007910,3224,62750,127613,517,341073,57392,2854,0,11122,10643,4488,16229,11910,16807,9678,14759,2534,2758,18137,31263,206965,274571,108203,10642,28610,83476,187357,305147,0,2808,3830,3239,4601,43961,4866,4941,4686,1694,39206,18987,8782,18729,4451,6959,553024,17371,2125,0,955
D13B26A,103564,3152,0,0,2687,2713,60552,25480,13982,4293,64328,9482,96067,2648,5646,43529,291156,11291,0,14356,22943,215733,103769,1852451,2030,3566,14180,624,5932,895,4806,0,19643,127863,87396,40541,12447,79188,5950,146334,2170581,102093,0,2837,14406,2446,2574,55802,308929,16821,6807,49215,350239,1812289,4591,22895,5524,11163,1835,99977,9211,23258,5454,379269,1446084,10290,38979,477538,656014,31044,1145299,8790,18874,42502,18020,1123,1183660,165948,3866,3443,207149,66189,46576,3899,7245,10191,0,5358,1890,0,85162,72514,118360,278548,495201,8246,648,0,17305,7130,7776,810617,0,33590,5750,0,244876,30996,2784,0,6569,6636,4850,10757,12639,11375,9289,48325,6292,6686,9096,156969,451214,222978,31920,13247,56647,273999,432611,111294,845,3676,2793,2546,0,20591,5607,10812,9914,1090,81069,15296,6107,24432,3131,5518,439764,3944,2829,0,5199
D14B23A,5865,6405,0,0,0,4919,39252,6884,17487,8174,111711,59633,148839,3510,3611,31373,470449,36355,515,10640,31805,607010,156626,1987494,4584,10473,69241,9417,26696,4225,11850,0,27334,112257,130430,95271,31161,35807,2263,14121,451665,62824,0,998,3804,0,4634,108134,780956,29611,27483,46756,736155,1906002,18329,34207,30012,64734,1338,13415,4039,10218,1573,95275,1876652,19692,13060,234479,154817,16736,891820,5324,14040,34028,45456,1091,1329691,238816,10057,10020,119481,66060,26346,2035,9133,1091,2263,4986,1948,5323,77924,131347,155521,344487,1247642,1142,3762,3205,0,7676,5567,1271112,1224,68051,303284,6645,438799,65168,0,0,3398,3036,3063,3249,4891,2757,2591,1105,1265,1485,3747,14888,108589,76159,57370,2756,12356,59571,178530,202661,575,2496,4912,2781,3901,27559,2158,3515,3058,2642,16090,7151,2841,7749,0,1892,429063,29453,1135,917,3209
D14B24A,38435,6263,0,1327,4554,1497,39621,27706,17917,8201,85790,84623,114882,504,7172,26326,248027,23529,3024,6126,15928,484860,129084,1502729,730,5464,43289,2034,12291,1956,4187,0,20543,92395,78513,46663,15440,36328,6023,108191,2289777,633507,0,3581,5724,0,1470,66282,499207,26557,21195,49839,430500,1386315,12641,20197,11540,43500,0,33024,6323,11842,2879,183048,1420400,16764,19101,285694,340681,22805,1157458,9667,12514,38165,41015,3061,1174796,292665,4164,3079,41238,6058,20681,1799,1193,1076,0,2913,533,0,128294,145649,111177,562529,1009484,8168,8734,7807,9202,6167,4985,1104958,4834,75522,118995,6081,332695,39363,2330,0,6915,5885,3294,6432,14433,4421,10751,6906,6960,7565,11689,60736,247491,222938,52453,12342,48482,241942,313849,175093,1064,4771,4771,4556,4799,29440,5941,12272,17628,967,23262,11455,3977,8924,2139,3254,505908,8111,2507,0,15420
D14B14A,37598,9604,0,3155,5977,5740,53820,16034,22908,9808,113605,102798,127301,700,7329,41890,357200,18821,2371,7021,19660,409487,144253,1827041,3266,2102,31161,536,10048,1869,5740,0,23447,131574,91109,50988,20804,34414,3348,122004,2302455,247997,0,872,1025,0,6267,93926,587975,27244,16661,61258,485473,1566452,10491,34388,8009,32542,2259,50308,6021,7616,3511,171013,1496717,11337,16363,177226,250455,18727,673225,7604,9878,24763,25799,364,988633,175917,2563,2641,42599,8467,44018,0,3895,3122,0,2583,0,0,106092,131179,89867,403903,927051,8620,1221,5593,0,7604,6131,1231998,1060,64158,79916,217,340147,35652,2568,0,7288,8445,5027,12124,12437,9066,8350,19601,9531,11414,8223,103333,359790,307488,73369,20383,75454,352665,389610,187194,0,3502,2569,5087,703,34429,5399,17714,22939,753,28355,12470,2399,13120,2366,3630,461625,7436,3558,0,11237
D14B13A,1479,7522,0,0,5597,4062,50291,16512,19175,8874,136727,70823,191298,555,6327,47650,610042,34629,1535,6054,32912,676257,173536,2162096,3552,11079,66595,1906,21577,4766,16834,0,26559,133521,85075,68587,30083,36477,2499,6376,83900,11997,0,0,1105,0,6272,141740,898465,44565,32247,110126,923725,1332925,20023,37295,27801,74995,0,20595,4430,9209,3227,119731,2085576,16149,15580,266170,99443,20508,698817,8033,11249,33285,44679,154,1079474,220892,3009,3816,268081,34315,33377,3665,11161,19677,2804,17154,5713,0,97165,149780,126728,352393,1288036,1552,732,4992,57961,3761,6169,1359447,1270,65354,159727,1320,418591,60634,2158,0,5276,3981,2172,3331,2181,3947,1691,4671,1206,2556,7344,27330,148322,148948,42449,1674,19748,101019,198441,211231,818,2508,2659,3930,1412,36144,1173,3603,4350,0,10119,5261,2660,6922,1454,2374,404738,12126,1765,0,1664